﻿Data Source;World Development Indicators;;;;;;;;;;;;;;;;;;;;;;;;;;;;;;;;;;;;;;;;;;;;;;;;;;;;;;;;;;;;;;;;;;;
Last Updated Date;7/10/2025;;;;;;;;;;;;;;;;;;;;;;;;;;;;;;;;;;;;;;;;;;;;;;;;;;;;;;;;;;;;;;;;;;;
;;;;;;;;;;;;;;;;;;;;;;;;;;;;;;;;;;;;;;;;;;;;;;;;;;;;;;;;;;;;;;;;;;;;
Country Name;Country Code;Indicator Name;Indicator Code;1960;1961;1962;1963;1964;1965;1966;1967;1968;1969;1970;1971;1972;1973;1974;1975;1976;1977;1978;1979;1980;1981;1982;1983;1984;1985;1986;1987;1988;1989;1990;1991;1992;1993;1994;1995;1996;1997;1998;1999;2000;2001;2002;2003;2004;2005;2006;2007;2008;2009;2010;2011;2012;2013;2014;2015;2016;2017;2018;2019;2020;2021;2022;2023;2024
Aruba;ABW;People using safely managed sanitation services, rural (% of rural population);SH.STA.SMSS.RU.ZS;;;;;;;;;;;;;;;;;;;;;;;;;;;;;;;;;;;;;;;;;;;;;;;;;;;;;;;;;;;;;;;;;
Africa Eastern and Southern;AFE;People using safely managed sanitation services, rural (% of rural population);SH.STA.SMSS.RU.ZS;;;;;;;;;;;;;;;;;;;;;;;;;;;;;;;;;;;;;;;;;10,95455599;11,20840417;11,4732104;11,7538229;12,03089578;12,40703539;12,77155498;13,1313047;13,50385822;13,88021739;14,25522933;14,61986591;14,97556433;15,32842623;15,6790897;16,0265203;16,37114147;16,71219086;17,04991603;17,38598241;17,73646812;18,03134758;18,23552384;;
Afghanistan;AFG;People using safely managed sanitation services, rural (% of rural population);SH.STA.SMSS.RU.ZS;;;;;;;;;;;;;;;;;;;;;;;;;;;;;;;;;;;;;;;;;;;;;;;;;;;;;;;;;;;;;;;;;
Africa Western and Central;AFW;People using safely managed sanitation services, rural (% of rural population);SH.STA.SMSS.RU.ZS;;;;;;;;;;;;;;;;;;;;;;;;;;;;;;;;;;;;;;;;;13,62962774;13,63493625;13,8542306;14,08454432;14,25134975;14,49131574;14,73516106;14,98040912;15,22513703;15,46992626;15,68223168;15,89116993;16,09866376;16,3032376;16,50383274;16,69895306;16,88900519;17,07702849;17,26169174;17,44476502;17,62604476;17,84700212;18,07812239;;
Angola;AGO;People using safely managed sanitation services, rural (% of rural population);SH.STA.SMSS.RU.ZS;;;;;;;;;;;;;;;;;;;;;;;;;;;;;;;;;;;;;;;;;;;;;;;;;;;;;;;;;;;;;;;;;
Albania;ALB;People using safely managed sanitation services, rural (% of rural population);SH.STA.SMSS.RU.ZS;;;;;;;;;;;;;;;;;;;;;;;;;;;;;;;;;;;;;;;;;;;;;;;;;;;;;;;;;;;;;;;;;
Andorra;AND;People using safely managed sanitation services, rural (% of rural population);SH.STA.SMSS.RU.ZS;;;;;;;;;;;;;;;;;;;;;;;;;;;;;;;;;;;;;;;;;29,3102224;33,90393094;38,49763948;43,09134803;47,68505657;52,27876512;56,87247366;61,46618221;66,05989075;70,6535993;75,24730784;79,84101639;84,43472493;89,02843348;93,62214202;98,21585057;100;100;100;100;100;100;100;;
Arab World;ARB;People using safely managed sanitation services, rural (% of rural population);SH.STA.SMSS.RU.ZS;;;;;;;;;;;;;;;;;;;;;;;;;;;;;;;;;;;;;;;;;;;;;;;;;;;;;;;;;;;;;;;;;
United Arab Emirates;ARE;People using safely managed sanitation services, rural (% of rural population);SH.STA.SMSS.RU.ZS;;;;;;;;;;;;;;;;;;;;;;;;;;;;;;;;;;;;;;;;;98,49185054;98,49185054;98,49185054;98,49185054;98,49185054;98,49185054;98,49185054;98,49185054;98,49185054;98,49185054;98,49185054;98,4943142;98,49677787;98,49924153;98,5017052;98,50416886;98,50663253;98,50909619;98,51155986;98,51402353;98,51648719;98,518265;98,518265;;
Argentina;ARG;People using safely managed sanitation services, rural (% of rural population);SH.STA.SMSS.RU.ZS;;;;;;;;;;;;;;;;;;;;;;;;;;;;;;;;;;;;;;;;;;;;;;;;;;;;;;;;;;;;;;;;;
Armenia;ARM;People using safely managed sanitation services, rural (% of rural population);SH.STA.SMSS.RU.ZS;;;;;;;;;;;;;;;;;;;;;;;;;;;;;;;;;;;;;;;;;;;;;;;;;;;;;;;;;;;;;;;;;
American Samoa;ASM;People using safely managed sanitation services, rural (% of rural population);SH.STA.SMSS.RU.ZS;;;;;;;;;;;;;;;;;;;;;;;;;;;;;;;;;;;;;;;;;;;;;;;;;;;;;;;;;;;;;;;;;
Antigua and Barbuda;ATG;People using safely managed sanitation services, rural (% of rural population);SH.STA.SMSS.RU.ZS;;;;;;;;;;;;;;;;;;;;;;;;;;;;;;;;;;;;;;;;;;;;;;;;;;;;;;;;;;;;;;;;;
Australia;AUS;People using safely managed sanitation services, rural (% of rural population);SH.STA.SMSS.RU.ZS;;;;;;;;;;;;;;;;;;;;;;;;;;;;;;;;;;;;;;;;;;;;;;;;;;;;;;;;;;;;;;;;;
Austria;AUT;People using safely managed sanitation services, rural (% of rural population);SH.STA.SMSS.RU.ZS;;;;;;;;;;;;;;;;;;;;;;;;;;;;;;;;;;;;;;;;;99,26269336;99,26271756;99,26274176;99,26274488;99,26274488;99,26274488;99,26274488;99,26274488;99,26274488;99,26274488;99,26274488;99,26274488;99,26274488;99,26274488;99,26274488;99,26274488;99,26274488;99,26274488;99,26274488;99,26274488;99,26274488;99,26274488;99,26274488;;
Azerbaijan;AZE;People using safely managed sanitation services, rural (% of rural population);SH.STA.SMSS.RU.ZS;;;;;;;;;;;;;;;;;;;;;;;;;;;;;;;;;;;;;;;;;;;;;;;;;;;;;;;;;;;;;;;;;
Burundi;BDI;People using safely managed sanitation services, rural (% of rural population);SH.STA.SMSS.RU.ZS;;;;;;;;;;;;;;;;;;;;;;;;;;;;;;;;;;;;;;;;;;;;;;;;;;;;;;;;;;;;;;;;;
Belgium;BEL;People using safely managed sanitation services, rural (% of rural population);SH.STA.SMSS.RU.ZS;;;;;;;;;;;;;;;;;;;;;;;;;;;;;;;;;;;;;;;;;;;;;;;;;;;;;;;;;;;;;;;;;
Benin;BEN;People using safely managed sanitation services, rural (% of rural population);SH.STA.SMSS.RU.ZS;;;;;;;;;;;;;;;;;;;;;;;;;;;;;;;;;;;;;;;;;0,444573882;0,495819813;0,549346968;0,605155346;0,663244948;0,723615773;0,786267821;0,851201093;0,918415589;0,987911308;1,055800454;1,120339686;1,18671753;1,254933987;1,324989056;1,396882736;1,470615029;1,546185934;1,623595452;1,702843581;1,783930323;1,783930323;1,783930323;;
Burkina Faso;BFA;People using safely managed sanitation services, rural (% of rural population);SH.STA.SMSS.RU.ZS;;;;;;;;;;;;;;;;;;;;;;;;;;;;;;;;;;;;;;;;;0,926886707;0,926886707;1,325878683;1,72131056;2,113182338;2,501494016;2,886245594;3,267437073;3,645068453;4,019139732;4,389650912;4,756601993;5,119992974;5,479823855;5,836094637;6,188805319;6,537955901;6,883546384;7,225576768;7,564047052;7,898957236;8,26998369;8,636642614;;
Bangladesh;BGD;People using safely managed sanitation services, rural (% of rural population);SH.STA.SMSS.RU.ZS;;;;;;;;;;;;;;;;;;;;;;;;;;;;;;;;;;;;;;;;;7,362511505;8,028356005;8,694200506;9,360045006;10,02588951;10,77549207;11,53688075;12,3106368;13,09487536;13,88959645;14,69480004;15,51048615;16,33665478;17,17330592;18,70472145;20,31161028;21,99516352;23,75657226;25,59702758;27,51772059;29,51984237;31,26581722;32,43919097;;
Bulgaria;BGR;People using safely managed sanitation services, rural (% of rural population);SH.STA.SMSS.RU.ZS;;;;;;;;;;;;;;;;;;;;;;;;;;;;;;;;;;;;;;;;;51,93378218;51,46192835;51,03615826;50,65672542;50,32388335;50,03788557;49,79898561;49,60743699;49,46349322;49,36740783;50,12379353;51,13846283;52,20362398;53,31953052;54,48643597;55,70459384;56,97425765;58,29568094;58,92045385;59,54720554;60,17593599;60,80664523;61,43933323;;
Bahrain;BHR;People using safely managed sanitation services, rural (% of rural population);SH.STA.SMSS.RU.ZS;;;;;;;;;;;;;;;;;;;;;;;;;;;;;;;;;;;;;;;;;;;;;;;;;;;;;;;;;;;;;;;;;
Bahamas, The;BHS;People using safely managed sanitation services, rural (% of rural population);SH.STA.SMSS.RU.ZS;;;;;;;;;;;;;;;;;;;;;;;;;;;;;;;;;;;;;;;;;;;;;;;;;;;;;;;;;;;;;;;;;
Bosnia and Herzegovina;BIH;People using safely managed sanitation services, rural (% of rural population);SH.STA.SMSS.RU.ZS;;;;;;;;;;;;;;;;;;;;;;;;;;;;;;;;;;;;;;;;;;;;;;;;;;;;;;;;;;;;;;;;;
Belarus;BLR;People using safely managed sanitation services, rural (% of rural population);SH.STA.SMSS.RU.ZS;;;;;;;;;;;;;;;;;;;;;;;;;;;;;;;;;;;;;;;;;73,3417747;73,3417747;73,3417747;73,3417747;71,93119168;70,37221334;68,82559474;67,29142081;65,76977648;64,26074667;62,76441633;61,28087039;59,81019378;58,35247142;56,90778827;55,47622924;54,05787928;52,98391694;51,90631492;50,82507323;49,74019186;48,65167082;48,65476076;;
Belize;BLZ;People using safely managed sanitation services, rural (% of rural population);SH.STA.SMSS.RU.ZS;;;;;;;;;;;;;;;;;;;;;;;;;;;;;;;;;;;;;;;;;;;;;;;;;;;;;;;;;;;;;;;;;
Bermuda;BMU;People using safely managed sanitation services, rural (% of rural population);SH.STA.SMSS.RU.ZS;;;;;;;;;;;;;;;;;;;;;;;;;;;;;;;;;;;;;;;;;;;;;;;;;;;;;;;;;;;;;;;;;
Bolivia;BOL;People using safely managed sanitation services, rural (% of rural population);SH.STA.SMSS.RU.ZS;;;;;;;;;;;;;;;;;;;;;;;;;;;;;;;;;;;;;;;;;;;;;;;;;;;;;;;;;;;;;;;;;
Brazil;BRA;People using safely managed sanitation services, rural (% of rural population);SH.STA.SMSS.RU.ZS;;;;;;;;;;;;;;;;;;;;;;;;;;;;;;;;;;;;;;;;;;;;;;;;;;;;;;;;;;;;;;;;;
Barbados;BRB;People using safely managed sanitation services, rural (% of rural population);SH.STA.SMSS.RU.ZS;;;;;;;;;;;;;;;;;;;;;;;;;;;;;;;;;;;;;;;;;;;;;;;;;;;;;;;;;;;;;;;;;
Brunei Darussalam;BRN;People using safely managed sanitation services, rural (% of rural population);SH.STA.SMSS.RU.ZS;;;;;;;;;;;;;;;;;;;;;;;;;;;;;;;;;;;;;;;;;;;;;;;;;;;;;;;;;;;;;;;;;
Bhutan;BTN;People using safely managed sanitation services, rural (% of rural population);SH.STA.SMSS.RU.ZS;;;;;;;;;;;;;;;;;;;;;;;;;;;;;;;;;;;;;;;;;33,47806485;33,47806485;34,86744164;36,25681843;37,64619522;39,03557201;40,4249488;41,81432558;43,20370237;44,4257551;45,56143651;46,69507015;47,82665602;48,95619412;50,08368445;51,20912701;52,3325218;53,45386882;54,57316808;55,69041956;56,80562328;57,91877923;57,91877923;;
Botswana;BWA;People using safely managed sanitation services, rural (% of rural population);SH.STA.SMSS.RU.ZS;;;;;;;;;;;;;;;;;;;;;;;;;;;;;;;;;;;;;;;;;;;;;;;;;;;;;;;;;;;;;;;;;
Central African Republic;CAF;People using safely managed sanitation services, rural (% of rural population);SH.STA.SMSS.RU.ZS;;;;;;;;;;;;;;;;;;;;;;;;;;;;;;;;;;;;;;;;;9,322319406;9,320484162;9,318648919;9,316655104;9,314355005;9,101274155;8,888297431;8,675424834;8,462656363;8,249992019;8,037431801;7,824975711;7,612623746;7,400375909;7,188232198;6,976192614;6,764257156;6,552425825;6,340698621;6,129075543;5,917556592;5,706141767;5,706141767;;
Canada;CAN;People using safely managed sanitation services, rural (% of rural population);SH.STA.SMSS.RU.ZS;;;;;;;;;;;;;;;;;;;;;;;;;;;;;;;;;;;;;;;;;76,85278467;76,85278467;76,85278467;77,29506685;77,73734903;78,15240939;78,54125282;78,92940395;79,31686127;79,70362327;80,08968844;80,47505527;80,85972226;81,24368789;81,62695065;82,00950904;82,39136154;82,77250664;83,18111261;83,58939338;83,55933814;83,5292829;83,5292829;;
Central Europe and the Baltics;CEB;People using safely managed sanitation services, rural (% of rural population);SH.STA.SMSS.RU.ZS;;;;;;;;;;;;;;;;;;;;;;;;;;;;;;;;;;;;;;;;;;;;;;;;;;;;;;;;;;;;;;;;;
Switzerland;CHE;People using safely managed sanitation services, rural (% of rural population);SH.STA.SMSS.RU.ZS;;;;;;;;;;;;;;;;;;;;;;;;;;;;;;;;;;;;;;;;;95,5473183;95,5473183;95,5473183;95,5473183;95,5473183;95,5473183;95,5473183;95,5473183;95,5473183;95,5473183;95,5473183;95,88923655;96,23115479;96,58510916;97,01729831;97,44948745;97,8816766;98,3090513;98,73040794;99,15176458;99,57312122;99,57312122;99,57312122;;
Channel Islands;CHI;People using safely managed sanitation services, rural (% of rural population);SH.STA.SMSS.RU.ZS;;;;;;;;;;;;;;;;;;;;;;;;;;;;;;;;;;;;;;;;;;;;;;;;;;;;;;;;;;;;;;;;;
Chile;CHL;People using safely managed sanitation services, rural (% of rural population);SH.STA.SMSS.RU.ZS;;;;;;;;;;;;;;;;;;;;;;;;;;;;;;;;;;;;;;;;;;;;;;;;;;;;;;;;;;;;;;;;;
China;CHN;People using safely managed sanitation services, rural (% of rural population);SH.STA.SMSS.RU.ZS;;;;;;;;;;;;;;;;;;;;;;;;;;;;;;;;;;;;;;;;;5,268054625;5,273643152;5,844001452;6,720133876;7,682274656;8,730690525;9,865648217;11,08741447;12,39625601;13,79243958;15,2762319;16,84789973;18,50770978;20,25592879;22,09282351;24,01866065;26,03370696;28,13822917;30,33249402;32,61676823;33,97833427;35,34265862;36,70974127;;
Cote d'Ivoire;CIV;People using safely managed sanitation services, rural (% of rural population);SH.STA.SMSS.RU.ZS;;;;;;;;;;;;;;;;;;;;;;;;;;;;;;;;;;;;;;;;;4,526426534;4,866631836;5,206837138;5,547042441;5,887247743;6,289513045;6,700159424;7,119186881;7,546595415;7,982385027;8,426555715;8,879107481;9,340040324;9,809354244;10,28704924;10,77312532;11,26758247;11,7704207;12,28164001;12,80124039;13,32922185;13,71755817;14,10589449;;
Cameroon;CMR;People using safely managed sanitation services, rural (% of rural population);SH.STA.SMSS.RU.ZS;;;;;;;;;;;;;;;;;;;;;;;;;;;;;;;;;;;;;;;;;;;;;;;;;;;;;;;;;;;;;;;;;
Congo, Dem. Rep.;COD;People using safely managed sanitation services, rural (% of rural population);SH.STA.SMSS.RU.ZS;;;;;;;;;;;;;;;;;;;;;;;;;;;;;;;;;;;;;;;;;23,65325639;23,0639022;22,474548;21,88519381;21,29583962;20,70648543;20,03057715;19,35974027;18,6939748;18,03944772;17,38993805;16,74544579;16,10597092;15,47151346;14,84207341;14,21765076;13,59824551;12,98385767;12,37448723;11,77013419;11,17079856;11,17079856;11,17079856;;
Congo, Rep.;COG;People using safely managed sanitation services, rural (% of rural population);SH.STA.SMSS.RU.ZS;;;;;;;;;;;;;;;;;;;;;;;;;;;;;;;;;;;;;;;;;;;;;;;;;;;;;;;;;;;;;;;;;
Colombia;COL;People using safely managed sanitation services, rural (% of rural population);SH.STA.SMSS.RU.ZS;;;;;;;;;;;;;;;;;;;;;;;;;;;;;;;;;;;;;;;;;;;;;;;;;;;;;;;;;;;;;;;;;
Comoros;COM;People using safely managed sanitation services, rural (% of rural population);SH.STA.SMSS.RU.ZS;;;;;;;;;;;;;;;;;;;;;;;;;;;;;;;;;;;;;;;;;;;;;;;;;;;;;;;;;;;;;;;;;
Cabo Verde;CPV;People using safely managed sanitation services, rural (% of rural population);SH.STA.SMSS.RU.ZS;;;;;;;;;;;;;;;;;;;;;;;;;;;;;;;;;;;;;;;;;;;;;;;;;;;;;;;;;;;;;;;;;
Costa Rica;CRI;People using safely managed sanitation services, rural (% of rural population);SH.STA.SMSS.RU.ZS;;;;;;;;;;;;;;;;;;;;;;;;;;;;;;;;;;;;;;;;;34,71374082;34,69414331;34,67454581;34,6549483;34,63535079;34,61575329;34,59615578;34,57655827;34,56120223;34,60283207;34,64429022;34,71056681;34,77628845;34,8414398;34,90600545;34,9699699;35,03331758;35,09603281;35,15809987;35,21950292;35,28022607;35,39766578;35,60075894;;
Caribbean small states;CSS;People using safely managed sanitation services, rural (% of rural population);SH.STA.SMSS.RU.ZS;;;;;;;;;;;;;;;;;;;;;;;;;;;;;;;;;;;;;;;;;;;;;;;;;;;;;;;;;;;;;;;;;
Cuba;CUB;People using safely managed sanitation services, rural (% of rural population);SH.STA.SMSS.RU.ZS;;;;;;;;;;;;;;;;;;;;;;;;;;;;;;;;;;;;;;;;;52,56521139;52,91962873;53,27404607;53,62846341;53,98288075;54,08266838;54,17915912;54,27235296;54,36224991;54,44884996;54,53215312;54,61215938;54,68886875;54,76228123;54,83239681;54,8992155;54,9627373;55,0229622;55,07989021;55,13352132;55,18385554;55,23089287;55,95234651;;
Curacao;CUW;People using safely managed sanitation services, rural (% of rural population);SH.STA.SMSS.RU.ZS;;;;;;;;;;;;;;;;;;;;;;;;;;;;;;;;;;;;;;;;;;;;;;;;;;;;;;;;;;;;;;;;;
Cayman Islands;CYM;People using safely managed sanitation services, rural (% of rural population);SH.STA.SMSS.RU.ZS;;;;;;;;;;;;;;;;;;;;;;;;;;;;;;;;;;;;;;;;;;;;;;;;;;;;;;;;;;;;;;;;;
Cyprus;CYP;People using safely managed sanitation services, rural (% of rural population);SH.STA.SMSS.RU.ZS;;;;;;;;;;;;;;;;;;;;;;;;;;;;;;;;;;;;;;;;;;;;;;;;;;;;;;;;;;;;;;;;;
Czechia;CZE;People using safely managed sanitation services, rural (% of rural population);SH.STA.SMSS.RU.ZS;;;;;;;;;;;;;;;;;;;;;;;;;;;;;;;;;;;;;;;;;;;;;;;;;;;;;;;;;;;;;;;;;
Germany;DEU;People using safely managed sanitation services, rural (% of rural population);SH.STA.SMSS.RU.ZS;;;;;;;;;;;;;;;;;;;;;;;;;;;;;;;;;;;;;;;;;90,63954861;90,63954861;90,63954861;90,63954861;90,68980809;90,74006756;90,79032704;90,84058652;90,890846;90,94110548;90,99136496;91,04162444;91,09188391;91,14214339;91,19240287;91,24266235;91,29292183;91,34318131;91,39344079;91,39344079;91,39344079;91,39344079;91,39344079;;
Djibouti;DJI;People using safely managed sanitation services, rural (% of rural population);SH.STA.SMSS.RU.ZS;;;;;;;;;;;;;;;;;;;;;;;;;;;;;;;;;;;;;;;;;10,92345324;10,92345324;10,92345324;10,92345324;10,92345324;11,57932309;12,2367919;12,89585967;13,5565264;14,21879208;14,88265673;15,54812033;16,2151829;16,88384442;17,5541049;18,22596434;18,89942274;19,5744801;20,25113641;20,92939169;20,92939169;20,92939169;20,92939169;;
Dominica;DMA;People using safely managed sanitation services, rural (% of rural population);SH.STA.SMSS.RU.ZS;;;;;;;;;;;;;;;;;;;;;;;;;;;;;;;;;;;;;;;;;;;;;;;;;;;;;;;;;;;;;;;;;
Denmark;DNK;People using safely managed sanitation services, rural (% of rural population);SH.STA.SMSS.RU.ZS;;;;;;;;;;;;;;;;;;;;;;;;;;;;;;;;;;;;;;;;;;;;;;;;;;;;;;;;;;;;;;;;;
Dominican Republic;DOM;People using safely managed sanitation services, rural (% of rural population);SH.STA.SMSS.RU.ZS;;;;;;;;;;;;;;;;;;;;;;;;;;;;;;;;;;;;;;;;;57,97603931;58,37697462;57,88728614;57,39518459;56,90066996;56,40374225;55,90440146;55,4026476;54,89848066;54,39190064;53,88290755;53,37150138;52,85768213;52,3414498;51,8228044;51,30174592;50,77827437;50,25238974;49,72409203;49,19338124;48,66025738;48,12472044;47,58677042;;
Algeria;DZA;People using safely managed sanitation services, rural (% of rural population);SH.STA.SMSS.RU.ZS;;;;;;;;;;;;;;;;;;;;;;;;;;;;;;;;;;;;;;;;;48,40426057;48,80699418;49,20972778;49,61246139;50,015195;50,41792861;50,82066222;51,22339583;51,62612944;52,02886304;52,43159665;52,83433026;53,15619775;53,47684175;53,79626226;54,11445928;54,43143281;54,74718285;55,0617094;55,37501246;55,68709203;55,99794811;55,99794811;;
East Asia & Pacific (excluding high income);EAP;People using safely managed sanitation services, rural (% of rural population);SH.STA.SMSS.RU.ZS;;;;;;;;;;;;;;;;;;;;;;;;;;;;;;;;;;;;;;;;;10,65713025;10,81016667;11,62362597;12,56375241;13,56031641;14,63420488;15,77740622;17,02897638;18,3308701;19,68661037;21,11391264;22,59202006;24,12771846;25,72728521;27,38719999;29,10726545;30,88523643;32,72115775;34,61454268;36,56188877;37,85338457;39,14147118;40,40611696;;
Early-demographic dividend;EAR;People using safely managed sanitation services, rural (% of rural population);SH.STA.SMSS.RU.ZS;;;;;;;;;;;;;;;;;;;;;;;;;;;;;;;;;;;;;;;;;9,330986589;10,33875518;11,46636186;12,60908413;14,61324795;16,47952124;18,38931366;20,37041136;22,38024049;24,40346911;26,44966044;28,51660732;30,60666042;32,71665194;34,89051491;37,08090689;39,28790938;41,4350054;43,5229299;45,60815598;47,67869144;49,66247597;51,53541484;;
East Asia & Pacific;EAS;People using safely managed sanitation services, rural (% of rural population);SH.STA.SMSS.RU.ZS;;;;;;;;;;;;;;;;;;;;;;;;;;;;;;;;;;;;;;;;;14,26788664;14,57169218;15,32096209;16,17790208;17,08702241;18,077424;19,14597356;20,32747986;21,56039004;22,84390866;24,19583872;25,64568519;27,16473881;28,73884431;30,36818343;32,05345258;33,79259026;35,58150187;37,41778831;39,30092596;40,62814922;41,94893463;43,25435948;;
Europe & Central Asia (excluding high income);ECA;People using safely managed sanitation services, rural (% of rural population);SH.STA.SMSS.RU.ZS;;;;;;;;;;;;;;;;;;;;;;;;;;;;;;;;;;;;;;;;;;;;;;;;;;;;;;;;;;;;;;;;;
Europe & Central Asia;ECS;People using safely managed sanitation services, rural (% of rural population);SH.STA.SMSS.RU.ZS;;;;;;;;;;;;;;;;;;;;;;;;;;;;;;;;;;;;;;;;;62,3702225;61,99996171;62,23936684;62,48933168;62,84566916;63,18448308;63,51909793;63,8125933;64,10636738;64,40954332;64,7673247;65,14444989;65,51835238;65,88569174;66,25173372;66,63320186;66,98329789;67,43269685;67,80709777;68,35568223;68,55861527;68,78785858;69,28233731;;
Ecuador;ECU;People using safely managed sanitation services, rural (% of rural population);SH.STA.SMSS.RU.ZS;;;;;;;;;;;;;;;;;;;;;;;;;;;;;;;;;;;;;;;;;42,50614181;43,27729755;44,04845328;44,81960901;45,59076474;46,43586002;47,28341502;48,13342976;48,98590422;49,84083842;50,69823234;51,558086;52,42039938;53,28517249;54,15240534;55,02209791;55,89425022;56,76886225;57,64593402;58,52546551;59,40745673;60,29190769;61,00595321;;
Egypt, Arab Rep.;EGY;People using safely managed sanitation services, rural (% of rural population);SH.STA.SMSS.RU.ZS;;;;;;;;;;;;;;;;;;;;;;;;;;;;;;;;;;;;;;;;;46,1539663;46,13672579;46,11871698;46,09993988;47,06134171;48,02723142;48,99760903;49,97247452;50,9518279;51,93566916;52,92399832;53,91681536;54,91412029;55,91591311;56,92219381;57,9329624;58,94821888;59,96796325;60,99219551;62,02091565;63,05412368;63,05412368;63,05412368;;
Euro area;EMU;People using safely managed sanitation services, rural (% of rural population);SH.STA.SMSS.RU.ZS;;;;;;;;;;;;;;;;;;;;;;;;;;;;;;;;;;;;;;;;;;;;;;;;;;;;;;;;;;;;;;;;;
Eritrea;ERI;People using safely managed sanitation services, rural (% of rural population);SH.STA.SMSS.RU.ZS;;;;;;;;;;;;;;;;;;;;;;;;;;;;;;;;;;;;;;;;;;;;;;;;;;;;;;;;;;;;;;;;;
Spain;ESP;People using safely managed sanitation services, rural (% of rural population);SH.STA.SMSS.RU.ZS;;;;;;;;;;;;;;;;;;;;;;;;;;;;;;;;;;;;;;;;;;;;;;;;;;;;;;;;;;;;;;;;;
Estonia;EST;People using safely managed sanitation services, rural (% of rural population);SH.STA.SMSS.RU.ZS;;;;;;;;;;;;;;;;;;;;;;;;;;;;;;;;;;;;;;;;;;;;;;;;;;;;;;;;;;;;;;;;;
Ethiopia;ETH;People using safely managed sanitation services, rural (% of rural population);SH.STA.SMSS.RU.ZS;;;;;;;;;;;;;;;;;;;;;;;;;;;;;;;;;;;;;;;;;0,428269849;0,656233159;0,884236769;1,112240378;1,3262298;1,535451006;1,739903998;1,939588775;2,134505337;2,324653684;2,510033817;2,690645735;2,866489438;3,036777902;3,202196874;3,362750594;3,518443306;3,669279249;3,815262666;3,956397797;4,092688885;4,224140171;4,224140171;;
European Union;EUU;People using safely managed sanitation services, rural (% of rural population);SH.STA.SMSS.RU.ZS;;;;;;;;;;;;;;;;;;;;;;;;;;;;;;;;;;;;;;;;;;;;;;;;;;;;;;;;;;;;;;;;;
Fragile and conflict affected situations;FCS;People using safely managed sanitation services, rural (% of rural population);SH.STA.SMSS.RU.ZS;;;;;;;;;;;;;;;;;;;;;;;;;;;;;;;;;;;;;;;;;;;;;;;;;;;;;19,36152605;19,46245399;19,56295359;19,66214527;19,75788999;19,85306612;19,95296196;20,05621779;20,15085698;20,2689132;20,32076672;;
Finland;FIN;People using safely managed sanitation services, rural (% of rural population);SH.STA.SMSS.RU.ZS;;;;;;;;;;;;;;;;;;;;;;;;;;;;;;;;;;;;;;;;;;;;;;;;;;;;;;;;;;;;;;;;;
Fiji;FJI;People using safely managed sanitation services, rural (% of rural population);SH.STA.SMSS.RU.ZS;;;;;;;;;;;;;;;;;;;;;;;;;;;;;;;;;;;;;;;;;43,96909289;43,96909289;43,96909289;44,8945644;45,82003591;46,74550743;47,54151214;48,33248999;49,11844097;49,89936508;50,67526233;51,44613271;52,21197622;52,97279286;53,72858264;54,47934555;55,2250816;55,96579077;56,70147308;57,43212853;57,65357419;57,49034675;57,32711931;;
France;FRA;People using safely managed sanitation services, rural (% of rural population);SH.STA.SMSS.RU.ZS;;;;;;;;;;;;;;;;;;;;;;;;;;;;;;;;;;;;;;;;;;;;;;;;;;;;;;;;;;;;;;;;;
Faroe Islands;FRO;People using safely managed sanitation services, rural (% of rural population);SH.STA.SMSS.RU.ZS;;;;;;;;;;;;;;;;;;;;;;;;;;;;;;;;;;;;;;;;;;;;;;;;;;;;;;;;;;;;;;;;;
Micronesia, Fed. Sts.;FSM;People using safely managed sanitation services, rural (% of rural population);SH.STA.SMSS.RU.ZS;;;;;;;;;;;;;;;;;;;;;;;;;;;;;;;;;;;;;;;;;;;;;;;;;;;;;;;;;;;;;;;;;
Gabon;GAB;People using safely managed sanitation services, rural (% of rural population);SH.STA.SMSS.RU.ZS;;;;;;;;;;;;;;;;;;;;;;;;;;;;;;;;;;;;;;;;;;;;;;;;;;;;;;;;;;;;;;;;;
United Kingdom;GBR;People using safely managed sanitation services, rural (% of rural population);SH.STA.SMSS.RU.ZS;;;;;;;;;;;;;;;;;;;;;;;;;;;;;;;;;;;;;;;;;93,50985964;93,50985964;93,50985964;93,50985964;93,50985964;93,50985964;93,50985964;93,51999059;93,53012155;93,54025251;93,55038346;93,56051442;93,57064537;93,57627368;93,57627368;93,57627368;93,57627368;93,57627368;93,57627368;93,57627368;93,57627368;93,57627368;93,57627368;;
Georgia;GEO;People using safely managed sanitation services, rural (% of rural population);SH.STA.SMSS.RU.ZS;;;;;;;;;;;;;;;;;;;;;;;;;;;;;;;;;;;;;;;;;55,66807025;55,06076001;54,29686698;53,53297396;52,78354796;52,0337031;51,28343939;50,53275683;49,78165541;49,03013514;48,27819602;47,52583804;46,77306121;46,01986553;45,26158681;44,5025458;43,74274224;42,98217583;42,2208463;41,45875337;40,69589676;39,93227619;39,16789138;;
Ghana;GHA;People using safely managed sanitation services, rural (% of rural population);SH.STA.SMSS.RU.ZS;;;;;;;;;;;;;;;;;;;;;;;;;;;;;;;;;;;;;;;;;1,83881324;1,874790442;2,460170408;3,066239415;3,692997461;4,339743778;5,004869713;5,689996667;6,395124643;7,120253638;7,865383655;8,630514691;9,415646748;10,22077983;11,04591392;11,89104904;12,75618518;13,64132234;14,54646052;15,47159972;16,41673994;17,38188118;18,36702344;;
Gibraltar;GIB;People using safely managed sanitation services, rural (% of rural population);SH.STA.SMSS.RU.ZS;;;;;;;;;;;;;;;;;;;;;;;;;;;;;;;;;;;;;;;;;;;;;;;;;;;;;;;;;;;;;;;;;
Guinea;GIN;People using safely managed sanitation services, rural (% of rural population);SH.STA.SMSS.RU.ZS;;;;;;;;;;;;;;;;;;;;;;;;;;;;;;;;;;;;;;;;;;;;;;;;;;;;;;;;;;;;;;;;;
Gambia, The;GMB;People using safely managed sanitation services, rural (% of rural population);SH.STA.SMSS.RU.ZS;;;;;;;;;;;;;;;;;;;;;;;;;;;;;;;;;;;;;;;;;56,84811138;55,27361234;53,69911329;52,19270207;50,68217747;49,15890972;47,63150614;46,09996672;44,56429145;43,02448036;41,48053342;39,93245064;38,38023202;36,82387757;35,26338728;33,69876114;32,12999917;30,55710136;28,98006772;27,39889823;25,8135929;24,21587871;22,61332474;;
Guinea-Bissau;GNB;People using safely managed sanitation services, rural (% of rural population);SH.STA.SMSS.RU.ZS;;;;;;;;;;;;;;;;;;;;;;;;;;;;;;;;;;;;;;;;;;;;;0,260086598;0,793484;1,384580634;1,979174064;2,57726429;3,178851312;3,783935131;4,392515745;5,004593155;5,620167362;6,239238364;6,861806163;7,487870758;8,117432149;8,750490336;9,387045319;10,0270971;10,67064567;10,67064567;;
Equatorial Guinea;GNQ;People using safely managed sanitation services, rural (% of rural population);SH.STA.SMSS.RU.ZS;;;;;;;;;;;;;;;;;;;;;;;;;;;;;;;;;;;;;;;;;;;;;;;;;;;;;;;;;;;;;;;;;
Greece;GRC;People using safely managed sanitation services, rural (% of rural population);SH.STA.SMSS.RU.ZS;;;;;;;;;;;;;;;;;;;;;;;;;;;;;;;;;;;;;;;;;;;;;;;;;;;;;;;;;;;;;;;;;
Grenada;GRD;People using safely managed sanitation services, rural (% of rural population);SH.STA.SMSS.RU.ZS;;;;;;;;;;;;;;;;;;;;;;;;;;;;;;;;;;;;;;;;;;;;;;;;;;;;;;;;;;;;;;;;;
Greenland;GRL;People using safely managed sanitation services, rural (% of rural population);SH.STA.SMSS.RU.ZS;;;;;;;;;;;;;;;;;;;;;;;;;;;;;;;;;;;;;;;;;;;;;;;;;;;;;;;;;;;;;;;;;
Guatemala;GTM;People using safely managed sanitation services, rural (% of rural population);SH.STA.SMSS.RU.ZS;;;;;;;;;;;;;;;;;;;;;;;;;;;;;;;;;;;;;;;;;;;;;;;;;;;;;;;;;;;;;;;;;
Guam;GUM;People using safely managed sanitation services, rural (% of rural population);SH.STA.SMSS.RU.ZS;;;;;;;;;;;;;;;;;;;;;;;;;;;;;;;;;;;;;;;;;;;;;;;;;;;;;;;;;;;;;;;;;
Guyana;GUY;People using safely managed sanitation services, rural (% of rural population);SH.STA.SMSS.RU.ZS;;;;;;;;;;;;;;;;;;;;;;;;;;;;;;;;;;;;;;;;;60,28368373;59,70600465;59,12832556;58,55064647;57,99781437;57,44448709;56,89066463;56,33634698;55,78153416;55,22622615;54,67042296;54,11412458;53,55733103;53,00004229;52,44225837;51,88397927;51,32520499;50,76593552;50,20617088;49,64591105;49,08515604;48,52390584;47,96216047;;
High income;HIC;People using safely managed sanitation services, rural (% of rural population);SH.STA.SMSS.RU.ZS;;;;;;;;;;;;;;;;;;;;;;;;;;;;;;;;;;;;;;;;;78,52018164;77,99429395;77,95614252;78,00805778;78,13123734;78,25561532;78,42519039;78,6081827;78,80650262;79,02053766;79,296783;79,61395141;79,94762429;80,27975547;80,58185539;80,91800703;81,24576332;81,57927947;81,83707016;82,07429573;82,15855503;82,22635532;82,36278223;;
Hong Kong SAR, China;HKG;People using safely managed sanitation services, rural (% of rural population);SH.STA.SMSS.RU.ZS;;;;;;;;;;;;;;;;;;;;;;;;;;;;;;;;;;;;;;;;;;;;;;;;;;;;;;;;;;;;;;;;;
Honduras;HND;People using safely managed sanitation services, rural (% of rural population);SH.STA.SMSS.RU.ZS;;;;;;;;;;;;;;;;;;;;;;;;;;;;;;;;;;;;;;;;;48,07022103;49,14686097;50,21763502;51,2825432;52,34158548;53,39126913;54,43510421;55,47309073;56,50522869;57,53151809;58,55195893;59,56655122;60,57529494;61,5781901;62,5752367;63,56643475;64,55178423;65,53128515;66,50493751;67,47274132;68,43469656;69,39080324;70,52318199;;
Heavily indebted poor countries (HIPC);HPC;People using safely managed sanitation services, rural (% of rural population);SH.STA.SMSS.RU.ZS;;;;;;;;;;;;;;;;;;;;;;;;;;;;;;;;;;;;;;;;;7,787601616;8,023119911;8,296476793;8,580952746;8,84057585;9,215567516;9,581383374;9,947461267;10,31777819;10,68874844;11,04152803;11,38161364;11,7183486;12,05777401;12,39815598;12,73787719;13,07712796;13,41439647;13,75091911;14,08639831;14,43242764;14,76121448;15,01293621;;
Croatia;HRV;People using safely managed sanitation services, rural (% of rural population);SH.STA.SMSS.RU.ZS;;;;;;;;;;;;;;;;;;;;;;;;;;;;;;;;;;;;;;;;;;;;;;;;;;;;;;;;;;;;;;;;;
Haiti;HTI;People using safely managed sanitation services, rural (% of rural population);SH.STA.SMSS.RU.ZS;;;;;;;;;;;;;;;;;;;;;;;;;;;;;;;;;;;;;;;;;;;;;;;;;;;;;;;;;;;;;;;;;
Hungary;HUN;People using safely managed sanitation services, rural (% of rural population);SH.STA.SMSS.RU.ZS;;;;;;;;;;;;;;;;;;;;;;;;;;;;;;;;;;;;;;;;;63,7774419;63,39190564;63,00636938;62,62083312;63,38633067;64,20771344;65,08498141;66,01813459;67,00717297;68,05209656;69,15290535;70,30959936;71,52217856;72,79064298;74,1149926;75,49522743;76,94726075;79,4092674;80,68586975;80,68586975;80,68586975;80,68586975;80,68586975;;
IBRD only;IBD;People using safely managed sanitation services, rural (% of rural population);SH.STA.SMSS.RU.ZS;;;;;;;;;;;;;;;;;;;;;;;;;;;;;;;;;;;;;;;;;7,615196689;8,304317184;9,248764623;10,34224977;12,12181896;13,85112565;15,64837964;17,52115599;19,46988282;21,4850089;23,56689827;25,70389161;27,89641461;30,14891846;32,45858763;34,82349781;37,24318431;39,64815888;42,04174763;44,46944994;46,60907204;48,69463157;50,78874203;;
IDA & IBRD total;IBT;People using safely managed sanitation services, rural (% of rural population);SH.STA.SMSS.RU.ZS;;;;;;;;;;;;;;;;;;;;;;;;;;;;;;;;;;;;;;;;;9,538693898;10,14020997;10,98296956;11,93313474;13,35846561;14,75545214;16,2047473;17,7194058;19,28013309;20,87461906;22,50384827;24,16142856;25,84787043;27,56313774;29,33036781;31,12182913;32,93460895;34,72298208;36,4903671;38,2671047;39,836684;41,33665579;42,76517693;;
IDA total;IDA;People using safely managed sanitation services, rural (% of rural population);SH.STA.SMSS.RU.ZS;;;;;;;;;;;;;;;;;;;;;;;;;;;;;;;;;;;;;;;;;14,76215127;14,97040005;15,46614924;15,97270291;16,43791467;16,96633597;17,54036897;18,18615821;18,84160555;19,48922399;20,13438852;20,78240945;21,43327453;22,08111402;22,8087324;23,53713136;24,26062756;24,9832155;25,71130552;26,44880625;27,18561104;27,87744734;28,39177937;;
IDA blend;IDB;People using safely managed sanitation services, rural (% of rural population);SH.STA.SMSS.RU.ZS;;;;;;;;;;;;;;;;;;;;;;;;;;;;;;;;;;;;;;;;;18,59368356;18,96353309;19,45810631;19,96815706;20,47750179;20,9866688;21,63390816;22,4885115;23,34957379;24,2211861;25,09727975;26,00080558;26,9260743;27,85508176;28,78176074;29,70458178;30,62443383;31,5404997;32,45550957;33,37307727;34,29377041;35,21195655;36,13628124;;
Indonesia;IDN;People using safely managed sanitation services, rural (% of rural population);SH.STA.SMSS.RU.ZS;;;;;;;;;;;;;;;;;;;;;;;;;;;;;;;;;;;;;;;;;;;;;;;;;;;;;;;;;;;;;;;;;
IDA only;IDX;People using safely managed sanitation services, rural (% of rural population);SH.STA.SMSS.RU.ZS;;;;;;;;;;;;;;;;;;;;;;;;;;;;;;;;;;;;;;;;;12,612529;12,77964012;13,27559007;13,77932274;14,22158184;14,75783913;15,28822972;15,8140055;16,3461068;16,85933162;17,36655272;17,86498519;18,36077209;18,85608654;19,48001779;20,11039023;20,73956115;21,3689105;22,00456507;22,65457897;23,30258144;23,88140579;24,18401703;;
Isle of Man;IMN;People using safely managed sanitation services, rural (% of rural population);SH.STA.SMSS.RU.ZS;;;;;;;;;;;;;;;;;;;;;;;;;;;;;;;;;;;;;;;;;;;;;;;;;;;;;;;;;;;;;;;;;
India;IND;People using safely managed sanitation services, rural (% of rural population);SH.STA.SMSS.RU.ZS;;;;;;;;;;;;;;;;;;;;;;;;;;;;;;;;;;;;;;;;;0,445551852;1,881812871;3,335551309;4,804420293;7,661519482;10,27823404;12,92153614;15,60069589;18,3071338;21,04085893;23,80188038;26,59020723;29,40584856;32,24881345;35,11911099;38,01675025;40,94174033;43,76441169;46,49078496;49,21749267;51,94450193;54,67178056;57,39929706;;
Not classified;INX;People using safely managed sanitation services, rural (% of rural population);SH.STA.SMSS.RU.ZS;;;;;;;;;;;;;;;;;;;;;;;;;;;;;;;;;;;;;;;;;;;;;;;;;;;;;;;;;;;;;;;;;
Ireland;IRL;People using safely managed sanitation services, rural (% of rural population);SH.STA.SMSS.RU.ZS;;;;;;;;;;;;;;;;;;;;;;;;;;;;;;;;;;;;;;;;;64,5318695;64,87509572;65,22434847;65,57962777;65,94093362;66,30826601;66,7247711;67,15095289;67,58686868;68,03257575;68,48813139;68,9535929;69,42901756;69,83777347;70,25814678;70,69019478;71,0235742;70,93611031;70,85090482;70,84070175;70,83049869;70,82029563;70,74745559;;
Iran, Islamic Rep.;IRN;People using safely managed sanitation services, rural (% of rural population);SH.STA.SMSS.RU.ZS;;;;;;;;;;;;;;;;;;;;;;;;;;;;;;;;;;;;;;;;;;;;;;;;;;;;;;;;;;;;;;;;;
Iraq;IRQ;People using safely managed sanitation services, rural (% of rural population);SH.STA.SMSS.RU.ZS;;;;;;;;;;;;;;;;;;;;;;;;;;;;;;;;;;;;;;;;;23,13537487;24,9758337;26,81629254;28,65675137;30,4972102;30,61661629;30,83807587;31,16511196;31,60124756;32,15000567;32,81490931;33,59948148;34,50724519;35,66465515;36,97127163;38,43022885;40,04447352;41,81944087;43,75910915;45,80647488;47,62699363;47,81315399;47,99910186;;
Iceland;ISL;People using safely managed sanitation services, rural (% of rural population);SH.STA.SMSS.RU.ZS;;;;;;;;;;;;;;;;;;;;;;;;;;;;;;;;;;;;;;;;;;;;;;;;;;;;;;;;;;;;;;;;;
Israel;ISR;People using safely managed sanitation services, rural (% of rural population);SH.STA.SMSS.RU.ZS;;;;;;;;;;;;;;;;;;;;;;;;;;;;;;;;;;;;;;;;;78,80451185;79,4839449;80,1658057;80,85009424;81,53681053;82,22595456;82,91752634;83,61152586;84,30795312;85,00680812;85,70809087;86,38614987;87,04905648;87,714151;88,38143343;89,05090378;89,72256203;90,3964082;91,07244227;91,75066426;92,43107416;93,11367198;93,7984577;;
Italy;ITA;People using safely managed sanitation services, rural (% of rural population);SH.STA.SMSS.RU.ZS;;;;;;;;;;;;;;;;;;;;;;;;;;;;;;;;;;;;;;;;;78,02604464;78,02604464;78,02604464;78,02604464;78,02956282;78,033081;78,03659918;78,04011736;78,04363554;78,04715372;78,0506719;78,05419008;78,05770826;78,06122644;78,06474462;78,0682628;78,07178098;78,07529916;78,07529916;78,07529916;78,07529916;78,07529916;78,07529916;;
Jamaica;JAM;People using safely managed sanitation services, rural (% of rural population);SH.STA.SMSS.RU.ZS;;;;;;;;;;;;;;;;;;;;;;;;;;;;;;;;;;;;;;;;;;;;;;;;;;;;;;;;;;;;;;;;;
Jordan;JOR;People using safely managed sanitation services, rural (% of rural population);SH.STA.SMSS.RU.ZS;;;;;;;;;;;;;;;;;;;;;;;;;;;;;;;;;;;;;;;;;;;;;;;;;;;;;;;;;;;;;;;;;
Japan;JPN;People using safely managed sanitation services, rural (% of rural population);SH.STA.SMSS.RU.ZS;;;;;;;;;;;;;;;;;;;;;;;;;;;;;;;;;;;;;;;;;;;;;;;;;;;;;;;;;;;;;;;;;
Kazakhstan;KAZ;People using safely managed sanitation services, rural (% of rural population);SH.STA.SMSS.RU.ZS;;;;;;;;;;;;;;;;;;;;;;;;;;;;;;;;;;;;;;;;;;;;;;;;;;;;;;;;;;;;;;;;;
Kenya;KEN;People using safely managed sanitation services, rural (% of rural population);SH.STA.SMSS.RU.ZS;;;;;;;;;;;;;;;;;;;;;;;;;;;;;;;;;;;;;;;;;25,50363268;25,82330457;26,16285796;26,50289757;26,84342339;27,18443543;27,52593368;27,86791815;28,20723928;28,54328868;28,87981386;29,21681481;29,55429154;29,89224405;30,23067233;30,56957638;30,90895622;31,24881183;31,58914321;31,92995037;32,27123331;32,61299202;32,95522651;;
Kyrgyz Republic;KGZ;People using safely managed sanitation services, rural (% of rural population);SH.STA.SMSS.RU.ZS;;;;;;;;;;;;;;;;;;;;;;;;;;;;;;;;;;;;;;;;;89,26347026;89,29569802;89,72353797;90,14784695;90,56862495;91,07465594;91,56687992;92,04722435;92,5247852;92,99955212;93,47151477;93,94066283;94,40698595;94,8704738;95,33111604;95,78890234;96,15866002;96,23804623;96,31382747;96,38599341;96,45761967;96,45761967;96,45761967;;
Cambodia;KHM;People using safely managed sanitation services, rural (% of rural population);SH.STA.SMSS.RU.ZS;;;;;;;;;;;;;;;;;;;;;;;;;;;;;;;;;;;;;;;;;;0,509792439;3,212867278;6,054107832;7,408542828;8,701499081;10,00752633;11,32662456;12,65879379;14,00403402;15,36234523;16,73372744;18,11818064;19,51570483;20,92630002;22,3499662;23,7889741;25,46268423;27,15166147;28,8559058;30,57541724;32,31019577;34,06024141;;
Kiribati;KIR;People using safely managed sanitation services, rural (% of rural population);SH.STA.SMSS.RU.ZS;;;;;;;;;;;;;;;;;;;;;;;;;;;;;;;;;;;;;;;;;12,96708708;13,88115298;14,79521888;15,70928478;16,62335068;17,14757069;17,67179069;18,19601069;18,67361566;19,14860993;19,62099348;20,09076633;20,55792847;21,0224799;21,48442063;21,94375064;22,40046995;22,85457854;23,30607643;23,75496362;24,20124009;24,64490585;25,05362311;;
St. Kitts and Nevis;KNA;People using safely managed sanitation services, rural (% of rural population);SH.STA.SMSS.RU.ZS;;;;;;;;;;;;;;;;;;;;;;;;;;;;;;;;;;;;;;;;;;;;;;;;;;;;;;;;;;;;;;;;;
Korea, Rep.;KOR;People using safely managed sanitation services, rural (% of rural population);SH.STA.SMSS.RU.ZS;;;;;;;;;;;;;;;;;;;;;;;;;;;;;;;;;;;;;;;;;;;;;;;;;;;;;;;;;;;;;;;;;
Kuwait;KWT;People using safely managed sanitation services, rural (% of rural population);SH.STA.SMSS.RU.ZS;;;;;;;;;;;;;;;;;;;;;;;;;;;;;;;;;;;;;;;;;;;;;;;;;;;;;;;;;;;;;;;;;
Latin America & Caribbean (excluding high income);LAC;People using safely managed sanitation services, rural (% of rural population);SH.STA.SMSS.RU.ZS;;;;;;;;;;;;;;;;;;;;;;;;;;;;;;;;;;;;;;;;;;;;;;;;;;;;;;;;;;;;;;;;;
Lao PDR;LAO;People using safely managed sanitation services, rural (% of rural population);SH.STA.SMSS.RU.ZS;;;;;;;;;;;;;;;;;;;;;;;;;;;;;;;;;;;;;;;;;14,95305908;17,59787965;20,04298145;22,48808325;24,93318506;27,32462959;29,70649007;32,07876649;34,44145886;36,79456718;39,13809144;41,47203165;43,7963878;46,1111599;48,41634795;50,71195194;52,99797188;55,27440777;57,5412596;59,79852738;59,79852738;59,79852738;59,79852738;;
Lebanon;LBN;People using safely managed sanitation services, rural (% of rural population);SH.STA.SMSS.RU.ZS;;;;;;;;;;;;;;;;;;;;;;;;;;;;;;;;;;;;;;;;;;;;;;;;;;;;;;;;;;;;;;;;;
Liberia;LBR;People using safely managed sanitation services, rural (% of rural population);SH.STA.SMSS.RU.ZS;;;;;;;;;;;;;;;;;;;;;;;;;;;;;;;;;;;;;;;;;;;;;;;;;;;;;;;;;;;;;;;;;
Libya;LBY;People using safely managed sanitation services, rural (% of rural population);SH.STA.SMSS.RU.ZS;;;;;;;;;;;;;;;;;;;;;;;;;;;;;;;;;;;;;;;;;;;;;;;;;;;;;;;;;;;;;;;;;
St. Lucia;LCA;People using safely managed sanitation services, rural (% of rural population);SH.STA.SMSS.RU.ZS;;;;;;;;;;;;;;;;;;;;;;;;;;;;;;;;;;;;;;;;;;;;;;;;;;;;;;;;;;;;;;;;;
Latin America & Caribbean;LCN;People using safely managed sanitation services, rural (% of rural population);SH.STA.SMSS.RU.ZS;;;;;;;;;;;;;;;;;;;;;;;;;;;;;;;;;;;;;;;;;;;;;;;;;;;;;;;;;;;;;;;;;
Least developed countries: UN classification;LDC;People using safely managed sanitation services, rural (% of rural population);SH.STA.SMSS.RU.ZS;;;;;;;;;;;;;;;;;;;;;;;;;;;;;;;;;;;;;;;;;11,41550487;11,61396022;12,11246652;12,61746517;13,05738908;13,59396403;14,1247599;14,65169244;15,18265287;15,69054482;16,19116504;16,68231531;17,16823587;17,65181486;18,27096161;18,89646979;19,52235651;20,15143317;20,78542831;21,43480498;22,08712691;22,66829972;22,95832478;;
Low income;LIC;People using safely managed sanitation services, rural (% of rural population);SH.STA.SMSS.RU.ZS;;;;;;;;;;;;;;;;;;;;;;;;;;;;;;;;;;;;;;;;;10,12368619;10,22710922;10,87090467;11,03952944;11,31704038;11,67478567;12,05762316;12,45208047;12,76014469;13,04818771;13,34471354;13,48873718;13,79650102;14,05300493;14,31222311;14,56904853;14,88505601;15,25064749;15,5778273;15,9313681;16,32011281;19,45459553;19,79174283;;
Liechtenstein;LIE;People using safely managed sanitation services, rural (% of rural population);SH.STA.SMSS.RU.ZS;;;;;;;;;;;;;;;;;;;;;;;;;;;;;;;;;;;;;;;;;;;;;;;;;;;;;;;;;;;;;;;;;
Sri Lanka;LKA;People using safely managed sanitation services, rural (% of rural population);SH.STA.SMSS.RU.ZS;;;;;;;;;;;;;;;;;;;;;;;;;;;;;;;;;;;;;;;;;;;;;;;;;;;;;;;;;;;;;;;;;
Lower middle income;LMC;People using safely managed sanitation services, rural (% of rural population);SH.STA.SMSS.RU.ZS;;;;;;;;;;;;;;;;;;;;;;;;;;;;;;;;;;;;;;;;;11,55849206;12,60525053;13,6375037;14,67658119;16,54886644;18,25382273;19,98788894;21,79243231;23,60647864;25,42773949;27,25781214;29,09888397;30,95478113;32,82393842;34,74831579;36,68795597;38,63885729;40,53880186;42,38663537;44,22761527;46,05329132;47,79942001;49,45442899;;
Low & middle income;LMY;People using safely managed sanitation services, rural (% of rural population);SH.STA.SMSS.RU.ZS;;;;;;;;;;;;;;;;;;;;;;;;;;;;;;;;;;;;;;;;;12,20298126;12,8635953;13,72660908;14,63549767;16,01096127;17,33181061;18,69407424;20,11497555;21,55734375;23,02183295;24,51722448;25,98344903;27,52079331;29,07745413;30,68135981;32,30986723;33,95830577;35,58391085;37,18162857;38,81223594;40,24085309;42,00381482;43,31460355;;
Lesotho;LSO;People using safely managed sanitation services, rural (% of rural population);SH.STA.SMSS.RU.ZS;;;;;;;;;;;;;;;;;;;;;;;;;;;;;;;;;;;;;;;;;4,590790865;7,072212432;9,553633999;11,99548545;14,42101956;16,82736842;19,21741898;21,59117123;23,94862518;26,28978082;28,61463815;30,92319717;33,21545789;35,4914203;37,7510844;39,99445019;42,22151768;44,43228686;46,62675774;48,8049303;50,96680456;50,96680456;50,96680456;;
Late-demographic dividend;LTE;People using safely managed sanitation services, rural (% of rural population);SH.STA.SMSS.RU.ZS;;;;;;;;;;;;;;;;;;;;;;;;;;;;;;;;;;;;;;;;;8,423835748;8,57187328;9,314511863;10,165022;11,09246896;12,10511931;13,20298289;14,38162074;15,61268669;16,90625831;18,26293301;19,68779876;21,18073429;22,74487652;24,38013283;26,08633444;27,85852852;29,68960145;31,58331008;33,53832722;34,76105175;35,96918451;37,17037565;;
Lithuania;LTU;People using safely managed sanitation services, rural (% of rural population);SH.STA.SMSS.RU.ZS;;;;;;;;;;;;;;;;;;;;;;;;;;;;;;;;;;;;;;;;;63,28983984;64,22470172;65,15956361;66,0944255;67,02928738;67,96414927;68,89901116;69,83387304;70,76873493;71,79990222;72,83358075;74,3785574;75,95082677;77,5548246;79,21902092;80,89441273;82,5810281;84,27889513;85,87248106;87,03292233;88,19613416;89,36211652;90,52859922;;
Luxembourg;LUX;People using safely managed sanitation services, rural (% of rural population);SH.STA.SMSS.RU.ZS;;;;;;;;;;;;;;;;;;;;;;;;;;;;;;;;;;;;;;;;;85,90962946;85,90442308;85,8992167;85,89401032;85,88880394;85,88359755;85,87839117;85,87318479;85,86797841;85,86277203;85,85756565;85,85235927;85,84715289;86,10383597;86,36093146;86,61843936;86,87635966;87,13635309;87,40032906;87,66472519;87,92954148;88,19477792;88,46043451;;
Latvia;LVA;People using safely managed sanitation services, rural (% of rural population);SH.STA.SMSS.RU.ZS;;;;;;;;;;;;;;;;;;;;;;;;;;;;;;;;;;;;;;;;;;;;;;;;;;;;;;;;;;;;;;;;;
Macao SAR, China;MAC;People using safely managed sanitation services, rural (% of rural population);SH.STA.SMSS.RU.ZS;;;;;;;;;;;;;;;;;;;;;;;;;;;;;;;;;;;;;;;;;;;;;;;;;;;;;;;;;;;;;;;;;
St. Martin (French part);MAF;People using safely managed sanitation services, rural (% of rural population);SH.STA.SMSS.RU.ZS;;;;;;;;;;;;;;;;;;;;;;;;;;;;;;;;;;;;;;;;;;;;;;;;;;;;;;;;;;;;;;;;;
Morocco;MAR;People using safely managed sanitation services, rural (% of rural population);SH.STA.SMSS.RU.ZS;;;;;;;;;;;;;;;;;;;;;;;;;;;;;;;;;;;;;;;;;;;;;;;;;;;;;;;;;;;;;;;;;
Monaco;MCO;People using safely managed sanitation services, rural (% of rural population);SH.STA.SMSS.RU.ZS;;;;;;;;;;;;;;;;;;;;;;;;;;;;;;;;;;;;;;;;;;;;;;;;;;;;;;;;;;;;;;;;;
Moldova;MDA;People using safely managed sanitation services, rural (% of rural population);SH.STA.SMSS.RU.ZS;;;;;;;;;;;;;;;;;;;;;;;;;;;;;;;;;;;;;;;;;;;;;;;;;;;;;;;;;;;;;;;;;
Madagascar;MDG;People using safely managed sanitation services, rural (% of rural population);SH.STA.SMSS.RU.ZS;;;;;;;;;;;;;;;;;;;;;;;;;;;;;;;;;;;;;;;;;1,701498268;2,072380629;2,443262989;2,81154006;3,179130418;3,546034062;3,912250992;4,27778121;4,642624713;5,006781504;5,37025158;5,733034944;6,095131594;6,45654153;6,817264753;7,177301262;7,536651058;7,895314141;8,25329051;8,610580165;8,967183107;9,323099336;9,678328851;;
Maldives;MDV;People using safely managed sanitation services, rural (% of rural population);SH.STA.SMSS.RU.ZS;;;;;;;;;;;;;;;;;;;;;;;;;;;;;;;;;;;;;;;;;;;;;;;;;;;;;;;;;;;;;;;;;
Middle East, North Africa, Afghanistan & Pakistan;MEA;People using safely managed sanitation services, rural (% of rural population);SH.STA.SMSS.RU.ZS;;;;;;;;;;;;;;;;;;;;;;;;;;;;;;;;;;;;;;;;;37,15173773;37,75397405;38,25870649;38,76526081;40,29466482;41,30146047;42,3524646;43,38954144;44,32449936;45,18005134;45,99846945;46,81470454;47,58966187;48,33572103;49,13405054;49,98410584;50,93053078;51,90103145;52,90003704;53,93117098;54,9150038;55,15507775;55,32978119;;
Mexico;MEX;People using safely managed sanitation services, rural (% of rural population);SH.STA.SMSS.RU.ZS;;;;;;;;;;;;;;;;;;;;;;;;;;;;;;;;;;;;;;;;;;;;;;;;;;;;;;;;;;;;;;;;;
Marshall Islands;MHL;People using safely managed sanitation services, rural (% of rural population);SH.STA.SMSS.RU.ZS;;;;;;;;;;;;;;;;;;;;;;;;;;;;;;;;;;;;;;;;;;;;;;;;;;;;;;;;;;;;;;;;;
Middle income;MIC;People using safely managed sanitation services, rural (% of rural population);SH.STA.SMSS.RU.ZS;;;;;;;;;;;;;;;;;;;;;;;;;;;;;;;;;;;;;;;;;9,660229003;10,3107035;11,22536488;12,25875886;13,82085394;15,34143336;16,92672712;18,59127151;20,31033707;22,07268838;23,87960387;25,72431788;27,6082554;29,53339433;31,52562873;33,55491615;35,62054684;37,67067013;39,70753823;41,76533715;43,60021578;45,3565412;47,0549925;;
North Macedonia;MKD;People using safely managed sanitation services, rural (% of rural population);SH.STA.SMSS.RU.ZS;;;;;;;;;;;;;;;;;;;;;;;;;;;;;;;;;;;;;;;;;16,80961358;16,80961358;16,80961358;16,80961358;16,80961358;16,87716241;16,944716;17,01227434;17,07983743;17,14740526;17,21497785;17,28255519;17,35013728;17,41772411;17,4853157;17,55291204;17,62051313;17,68811897;17,75572955;17,82334489;17,89096498;17,95858982;17,95858982;;
Mali;MLI;People using safely managed sanitation services, rural (% of rural population);SH.STA.SMSS.RU.ZS;;;;;;;;;;;;;;;;;;;;;;;;;;;;;;;;;;;;;;;;;4,340646882;4,95803968;5,597058464;6,257786798;6,940224683;7,644372118;8,370229103;9,117795639;9,887071725;10,67805736;11,49075255;12,32515728;13,18127157;14,05909541;14,9586288;15,87987173;16,82282422;17,78748626;18,77385785;19,78193899;20,81172968;21,85986278;22,92852748;;
Malta;MLT;People using safely managed sanitation services, rural (% of rural population);SH.STA.SMSS.RU.ZS;;;;;;;;;;;;;;;;;;;;;;;;;;;;;;;;;;;;;;;;;;;;;;;;;;;;;;;;;;;;;;;;;
Myanmar;MMR;People using safely managed sanitation services, rural (% of rural population);SH.STA.SMSS.RU.ZS;;;;;;;;;;;;;;;;;;;;;;;;;;;;;;;;;;;;;;;;;55,41661288;56,0564391;56,69626531;57,33609152;57,97591774;58,61574395;59,25557016;59,89539638;60,53522259;60,82421603;61,11338616;61,40273297;61,69225648;61,98195669;62,27183358;62,56188716;62,85211744;63,1425244;63,43310806;63,72386841;64,01480545;64,30591918;64,30591918;;
Middle East, North Africa, Afghanistan & Pakistan (excluding high income);MNA;People using safely managed sanitation services, rural (% of rural population);SH.STA.SMSS.RU.ZS;;;;;;;;;;;;;;;;;;;;;;;;;;;;;;;;;;;;;;;;;;;;;;;;;;;;;;;;;;;;;;;;;
Montenegro;MNE;People using safely managed sanitation services, rural (% of rural population);SH.STA.SMSS.RU.ZS;;;;;;;;;;;;;;;;;;;;;;;;;;;;;;;;;;;;;;;;;;;;;;;31,27029292;32,3475335;33,37529484;34,35323945;35,28102984;36,15832852;36,98479801;37,76010082;38,48389946;39,15585644;39,77563427;40,34289548;40,85730256;41,31851803;41,70281942;42,37699775;43,05117608;;
Mongolia;MNG;People using safely managed sanitation services, rural (% of rural population);SH.STA.SMSS.RU.ZS;;;;;;;;;;;;;;;;;;;;;;;;;;;;;;;;;;;;;;;;;22,86668727;23,67416728;24,48164729;25,28912731;26,6904206;28,12846138;29,60324964;31,1147854;32,66306863;34,24809936;35,86987757;37,52840326;39,22367644;40,95569711;42,72446527;44,5299809;46,37224403;48,25125464;50,16701274;52,11951832;54,10877139;55,22860503;56,34843868;;
Northern Mariana Islands;MNP;People using safely managed sanitation services, rural (% of rural population);SH.STA.SMSS.RU.ZS;;;;;;;;;;;;;;;;;;;;;;;;;;;;;;;;;;;;;;;;;;;;;;;;;;;;;;;;;;;;;;;;;
Mozambique;MOZ;People using safely managed sanitation services, rural (% of rural population);SH.STA.SMSS.RU.ZS;;;;;;;;;;;;;;;;;;;;;;;;;;;;;;;;;;;;;;;;;1,580154705;2,307143124;3,064426061;3,836226341;4,622543965;5,423378931;6,23873124;7,068600892;7,912987887;8,771892225;9,645313906;10,53325293;11,4357093;12,35268301;13,28417406;14,23018245;15,19070819;16,16575127;17,1553117;18,15938947;19,17798458;20,04166475;20,90534493;;
Mauritania;MRT;People using safely managed sanitation services, rural (% of rural population);SH.STA.SMSS.RU.ZS;;;;;;;;;;;;;;;;;;;;;;;;;;;;;;;;;;;;;;;;;;;;;;;;;;;;;;;;;;;;;;;;;
Mauritius;MUS;People using safely managed sanitation services, rural (% of rural population);SH.STA.SMSS.RU.ZS;;;;;;;;;;;;;;;;;;;;;;;;;;;;;;;;;;;;;;;;;;;;;;;;;;;;;;;;;;;;;;;;;
Malawi;MWI;People using safely managed sanitation services, rural (% of rural population);SH.STA.SMSS.RU.ZS;;;;;;;;;;;;;;;;;;;;;;;;;;;;;;;;;;;;;;;;;6,022621468;6,024965008;6,030060461;6,035122821;6,04015209;8,383676738;10,72112072;13,05248403;15,37776667;17,69696864;20,01008994;22,31713057;24,61809053;26,91296983;29,20176845;31,48448641;33,7611237;36,03168032;38,29615627;40,55455155;42,80686616;45,0531001;47,29325337;;
Malaysia;MYS;People using safely managed sanitation services, rural (% of rural population);SH.STA.SMSS.RU.ZS;;;;;;;;;;;;;;;;;;;;;;;;;;;;;;;;;;;;;;;;;;;;;;;;;;;;;;;;;;;;;;;;;
North America;NAC;People using safely managed sanitation services, rural (% of rural population);SH.STA.SMSS.RU.ZS;;;;;;;;;;;;;;;;;;;;;;;;;;;;;;;;;;;;;;;;;;;;;;;;;;;;;;;;;;;;;;;;;
Namibia;NAM;People using safely managed sanitation services, rural (% of rural population);SH.STA.SMSS.RU.ZS;;;;;;;;;;;;;;;;;;;;;;;;;;;;;;;;;;;;;;;;;;;;;;;;;;;;;;;;;;;;;;;;;
New Caledonia;NCL;People using safely managed sanitation services, rural (% of rural population);SH.STA.SMSS.RU.ZS;;;;;;;;;;;;;;;;;;;;;;;;;;;;;;;;;;;;;;;;;;;;;;;;;;;;;;;;;;;;;;;;;
Niger;NER;People using safely managed sanitation services, rural (% of rural population);SH.STA.SMSS.RU.ZS;;;;;;;;;;;;;;;;;;;;;;;;;;;;;;;;;;;;;;;;;1,231805414;1,4958188;1,759832185;2,02384557;2,279084876;2,497579523;2,711020603;2,919408115;3,12274206;3,321022438;3,514249248;3,70242249;3,885542165;4,063608273;4,236620813;4,404579786;4,567485191;4,725337029;4,878135299;5,025880002;5,168571138;5,372710663;5,576850188;;
Nigeria;NGA;People using safely managed sanitation services, rural (% of rural population);SH.STA.SMSS.RU.ZS;;;;;;;;;;;;;;;;;;;;;;;;;;;;;;;;;;;;;;;;;22,17645507;22,10495485;22,31842154;22,54423709;22,77272247;22,99982001;23,22552968;23,44985151;23,67278547;23,89433158;24,11448984;24,33326024;24,55064279;24,76663748;24,98124432;25,1944633;25,40629443;25,61673771;25,82579312;26,03346069;26,23974039;26,44463225;26,64813624;;
Nicaragua;NIC;People using safely managed sanitation services, rural (% of rural population);SH.STA.SMSS.RU.ZS;;;;;;;;;;;;;;;;;;;;;;;;;;;;;;;;;;;;;;;;;;;;;;;;;;;;;;;;;;;;;;;;;
Netherlands;NLD;People using safely managed sanitation services, rural (% of rural population);SH.STA.SMSS.RU.ZS;;;;;;;;;;;;;;;;;;;;;;;;;;;;;;;;;;;;;;;;;97,42069986;97,42069986;97,42037975;97,42005965;97,42299581;97,42593196;97,4288681;97,43180423;97,43474035;97,43767646;97,44061255;97,44354864;97,44648471;97,44942078;97,45235683;97,45529287;97,45822891;97,46116493;97,46442112;97,46767732;97,46799337;97,46799337;97,46799337;;
Norway;NOR;People using safely managed sanitation services, rural (% of rural population);SH.STA.SMSS.RU.ZS;;;;;;;;;;;;;;;;;;;;;;;;;;;;;;;;;;;;;;;;;;;;;;;;;;;;;;;;;;;;;;;;;
Nepal;NPL;People using safely managed sanitation services, rural (% of rural population);SH.STA.SMSS.RU.ZS;;;;;;;;;;;;;;;;;;;;;;;;;;;;;;;;;;;;;;;;;7,835537861;10,17300368;11,81362385;13,50283095;15,24062497;17,02700593;18,86197382;20,74552864;22,67767038;24,65839906;26,68771467;28,76561721;30,89210667;33,06718307;35,2908464;37,56309665;39,88393384;42,25335795;44,671369;47,13796698;49,65315188;52,21692372;52,21692372;;
Nauru;NRU;People using safely managed sanitation services, rural (% of rural population);SH.STA.SMSS.RU.ZS;;;;;;;;;;;;;;;;;;;;;;;;;;;;;;;;;;;;;;;;;;;;;;;;;;;;;;;;;;;;;;;;;
New Zealand;NZL;People using safely managed sanitation services, rural (% of rural population);SH.STA.SMSS.RU.ZS;;;;;;;;;;;;;;;;;;;;;;;;;;;;;;;;;;;;;;;;;;;;;;;;;;;;;;;;;;;;;;;;;
OECD members;OED;People using safely managed sanitation services, rural (% of rural population);SH.STA.SMSS.RU.ZS;;;;;;;;;;;;;;;;;;;;;;;;;;;;;;;;;;;;;;;;;;;;;;;;;;;;;;;;;;;;;;;;;
Oman;OMN;People using safely managed sanitation services, rural (% of rural population);SH.STA.SMSS.RU.ZS;;;;;;;;;;;;;;;;;;;;;;;;;;;;;;;;;;;;;;;;;;;;;;;;;;;;;;;;;;;;;;;;;
Other small states;OSS;People using safely managed sanitation services, rural (% of rural population);SH.STA.SMSS.RU.ZS;;;;;;;;;;;;;;;;;;;;;;;;;;;;;;;;;;;;;;;;;;;;;;;;;;;;;;;;;;;;;;;;;
Pakistan;PAK;People using safely managed sanitation services, rural (% of rural population);SH.STA.SMSS.RU.ZS;;;;;;;;;;;;;;;;;;;;;;;;;;;;;;;;;;;;;;;;;6,259233396;7,253135209;8,247037022;9,240938835;10,23484065;11,22874246;12,52579348;14,30017929;16,06860211;17,83106192;19,58755873;21,33809254;23,08266336;24,82127117;26,55391598;28,28059779;30,0013166;31,7160724;33,42486521;35,12769502;36,82456183;38,51546564;40,20040644;;
Panama;PAN;People using safely managed sanitation services, rural (% of rural population);SH.STA.SMSS.RU.ZS;;;;;;;;;;;;;;;;;;;;;;;;;;;;;;;;;;;;;;;;;;;;;;;;;;;;;;;;;;;;;;;;;
Peru;PER;People using safely managed sanitation services, rural (% of rural population);SH.STA.SMSS.RU.ZS;;;;;;;;;;;;;;;;;;;;;;;;;;;;;;;;;;;;;;;;;;;;;;;;;;;;;;;;;;;;;;;;;
Philippines;PHL;People using safely managed sanitation services, rural (% of rural population);SH.STA.SMSS.RU.ZS;;;;;;;;;;;;;;;;;;;;;;;;;;;;;;;;;;;;;;;;;43,61546693;44,22482836;44,8341898;45,44355123;46,05291266;46,66227409;47,27163552;48,49823042;49,74048463;50,99839815;52,27197098;53,56120312;54,86609458;56,18664534;57,52285542;58,87472481;60,24225351;61,62544152;63,02428884;64,43879547;65,86896141;67,31478667;68,77627124;;
Palau;PLW;People using safely managed sanitation services, rural (% of rural population);SH.STA.SMSS.RU.ZS;;;;;;;;;;;;;;;;;;;;;;;;;;;;;;;;;;;;;;;;;;;;;;;;;;;;;;;;;;;;;;;;;
Papua New Guinea;PNG;People using safely managed sanitation services, rural (% of rural population);SH.STA.SMSS.RU.ZS;;;;;;;;;;;;;;;;;;;;;;;;;;;;;;;;;;;;;;;;;;;;;;;;;;;;;;;;;;;;;;;;;
Poland;POL;People using safely managed sanitation services, rural (% of rural population);SH.STA.SMSS.RU.ZS;;;;;;;;;;;;;;;;;;;;;;;;;;;;;;;;;;;;;;;;;;;;;;;;;;;;;;;;;;;;;;;;;
Pre-demographic dividend;PRE;People using safely managed sanitation services, rural (% of rural population);SH.STA.SMSS.RU.ZS;;;;;;;;;;;;;;;;;;;;;;;;;;;;;;;;;;;;;;;;;13,97162447;14,1512588;14,42670725;14,70825743;14,95227832;15,27195219;15,57844901;15,87624807;16,19760739;16,53097965;16,84765671;17,15630551;17,4664206;17,78147787;18,0931995;18,40288083;18,71144539;19,02184319;19,33805071;19,65908501;19,98649594;20,25486955;20,51061953;;
Puerto Rico (US);PRI;People using safely managed sanitation services, rural (% of rural population);SH.STA.SMSS.RU.ZS;;;;;;;;;;;;;;;;;;;;;;;;;;;;;;;;;;;;;;;;;;;;;;;;;;;;;;;;;;;;;;;;;
Korea, Dem. People's Rep.;PRK;People using safely managed sanitation services, rural (% of rural population);SH.STA.SMSS.RU.ZS;;;;;;;;;;;;;;;;;;;;;;;;;;;;;;;;;;;;;;;;;;;23,75136491;23,75136491;23,75136491;23,75136491;23,75136491;23,83937149;22,03083636;20,2085688;18,37256881;16,52283639;14,65937154;12,78217427;10,89124456;8,986582427;7,068187863;5,136060869;3,190201446;1,22791079;1,22791079;1,22791079;1,22791079;;
Portugal;PRT;People using safely managed sanitation services, rural (% of rural population);SH.STA.SMSS.RU.ZS;;;;;;;;;;;;;;;;;;;;;;;;;;;;;;;;;;;;;;;;;51,06801386;51,25130958;51,4346053;51,61790103;52,97814929;54,44425965;56,0162321;57,69406665;59,47776329;61,36732203;63,36274286;65,46402578;67,6711708;69,98417792;72,40304713;74,92777843;77,55837183;80,29482733;82,93202321;83,71264188;84,49326055;85,27387922;86,29042787;;
Paraguay;PRY;People using safely managed sanitation services, rural (% of rural population);SH.STA.SMSS.RU.ZS;;;;;;;;;;;;;;;;;;;;;;;;;;;;;;;;;;;;;;;;;32,72622675;33,96501309;35,17880243;36,39083252;37,60110338;38,809615;40,01636738;41,22136052;42,42459442;43,62606908;44,8257845;46,02374068;47,21993762;48,41437532;49,60705379;50,79797301;51,987133;53,17453374;54,36017525;55,51654092;56,67023794;57,82393497;58,97763199;;
West Bank and Gaza;PSE;People using safely managed sanitation services, rural (% of rural population);SH.STA.SMSS.RU.ZS;;;;;;;;;;;;;;;;;;;;;;;;;;;;;;;;;;;;;;;;;13,62220402;13,66101666;13,69982931;13,73864195;13,87022552;14,20083098;16,37839441;18,5834571;20,81601903;23,07608022;25,36364065;27,67870034;30,02125927;32,39131746;34,7888749;37,21393158;39,66648752;42,14654271;44,65409714;47,18915083;49,75170377;52,34175595;54,65646299;;
Pacific island small states;PSS;People using safely managed sanitation services, rural (% of rural population);SH.STA.SMSS.RU.ZS;;;;;;;;;;;;;;;;;;;;;;;;;;;;;;;;;;;;;;;;;;;;;;;;;;;;;;;;;;;;;;;;;
Post-demographic dividend;PST;People using safely managed sanitation services, rural (% of rural population);SH.STA.SMSS.RU.ZS;;;;;;;;;;;;;;;;;;;;;;;;;;;;;;;;;;;;;;;;;;;;;;;;;;;;;;;;;;;;;;;;;
French Polynesia;PYF;People using safely managed sanitation services, rural (% of rural population);SH.STA.SMSS.RU.ZS;;;;;;;;;;;;;;;;;;;;;;;;;;;;;;;;;;;;;;;;;;;;;;;;;;;;;;;;;;;;;;;;;
Qatar;QAT;People using safely managed sanitation services, rural (% of rural population);SH.STA.SMSS.RU.ZS;;;;;;;;;;;;;;;;;;;;;;;;;;;;;;;;;;;;;;;;;;;;;;;;;;;;;;;;;;;;;;;;;
Romania;ROU;People using safely managed sanitation services, rural (% of rural population);SH.STA.SMSS.RU.ZS;;;;;;;;;;;;;;;;;;;;;;;;;;;;;;;;;;;;;;;;;;;;;;;;;;;;;;;;;;;;;;;;;
Russian Federation;RUS;People using safely managed sanitation services, rural (% of rural population);SH.STA.SMSS.RU.ZS;;;;;;;;;;;;;;;;;;;;;;;;;;;;;;;;;;;;;;;;;;;;;;;;;;;;;;;;;;;;;;;;;
Rwanda;RWA;People using safely managed sanitation services, rural (% of rural population);SH.STA.SMSS.RU.ZS;;;;;;;;;;;;;;;;;;;;;;;;;;;;;;;;;;;;;;;;;31,0541239;32,322095;33,59117892;34,85869564;36,12686853;37,39615146;38,66654443;39,93804744;41,21066049;42,48438359;43,75921672;45,0351599;46,31221312;47,59037638;48,86964968;50,15003302;51,43152641;52,71412983;53,9978433;55,28266681;56,56860036;57,85564395;57,85564395;;
South Asia;SAS;People using safely managed sanitation services, rural (% of rural population);SH.STA.SMSS.RU.ZS;;;;;;;;;;;;;;;;;;;;;;;;;;;;;;;;;;;;;;;;;2,382673099;3,712447057;5,033376893;6,360550797;8,816560078;11,06017208;13,34904506;15,71443926;18,09780197;20,49940769;22,9183907;25,35633947;27,8138371;30,29184143;32,8525536;35,43993911;38,05417128;40,59389564;43,06363028;45,53651002;48,00933317;50,45097431;52,78487819;;
Saudi Arabia;SAU;People using safely managed sanitation services, rural (% of rural population);SH.STA.SMSS.RU.ZS;;;;;;;;;;;;;;;;;;;;;;;;;;;;;;;;;;;;;;;;;;;;;;;;;;;;;;;;;;;;;;;;;
Sudan;SDN;People using safely managed sanitation services, rural (% of rural population);SH.STA.SMSS.RU.ZS;;;;;;;;;;;;;;;;;;;;;;;;;;;;;;;;;;;;;;;;;;;;;;;;;;;;;;;;;;;;;;;;;
Senegal;SEN;People using safely managed sanitation services, rural (% of rural population);SH.STA.SMSS.RU.ZS;;;;;;;;;;;;;;;;;;;;;;;;;;;;;;;;;;;;;;;;;13,92722928;14,50132511;15,13234599;15,76770247;16,40739454;17,05142221;17,69978546;18,35248431;19,00951875;19,67088878;19,41389033;19,0981149;18,72294712;18,28777164;17,79197308;17,23493608;16,61604528;15,93468532;15,19024083;14,38209645;13,50963682;13,85335146;14,19914536;;
Singapore;SGP;People using safely managed sanitation services, rural (% of rural population);SH.STA.SMSS.RU.ZS;;;;;;;;;;;;;;;;;;;;;;;;;;;;;;;;;;;;;;;;;;;;;;;;;;;;;;;;;;;;;;;;;
Solomon Islands;SLB;People using safely managed sanitation services, rural (% of rural population);SH.STA.SMSS.RU.ZS;;;;;;;;;;;;;;;;;;;;;;;;;;;;;;;;;;;;;;;;;;;;;;;;;;;;;;;;;;;;;;;;;
Sierra Leone;SLE;People using safely managed sanitation services, rural (% of rural population);SH.STA.SMSS.RU.ZS;;;;;;;;;;;;;;;;;;;;;;;;;;;;;;;;;;;;;;;;;2,271514492;2,391474884;2,511435275;2,631395667;2,902477662;3,1867376;3,484175481;3,794791305;4,118585072;4,451852304;4,797754767;5,156510321;5,528118966;5,912580702;6,309895528;6,720063445;7,144534695;7,562167691;7,990286301;8,429917564;8,881050026;9,343672234;9,817772736;;
El Salvador;SLV;People using safely managed sanitation services, rural (% of rural population);SH.STA.SMSS.RU.ZS;;;;;;;;;;;;;;;;;;;;;;;;;;;;;;;;;;;;;;;;;;;;;;;;;;;;;;;;;;;;;;;;;
San Marino;SMR;People using safely managed sanitation services, rural (% of rural population);SH.STA.SMSS.RU.ZS;;;;;;;;;;;;;;;;;;;;;;;;;;;;;;;;;;;;;;;;;;;;;;;;;;;;;;;;;;;;;;;;;
Somalia, Fed. Rep.;SOM;People using safely managed sanitation services, rural (% of rural population);SH.STA.SMSS.RU.ZS;;;;;;;;;;;;;;;;;;;;;;;;;;;;;;;;;;;;;;;;;6,422928365;6,906239106;7,389549846;7,872860587;8,356171327;9,048161104;9,729813783;10,40377274;11,08937707;11,79499383;12,52062302;13,26626464;14,03191869;14,81758516;15,62326406;16,44895538;17,29465913;18,16037531;19,04610392;19,95184495;20,87759841;21,8233643;21,8233643;;
Serbia;SRB;People using safely managed sanitation services, rural (% of rural population);SH.STA.SMSS.RU.ZS;;;;;;;;;;;;;;;;;;;;;;;;;;;;;;;;;;;;;;;;;31,56244131;31,48037554;31,39830978;31,31624402;31,23417826;31,16578916;31,06395662;30,96026669;30,85469707;30,74722535;30,63782902;30,52648546;30,41317195;30,29786565;30,18054362;30,06118281;29,93976009;29,81625218;29,69354864;29,61368831;29,50664338;29,39803202;29,34990594;;
Sub-Saharan Africa (excluding high income);SSA;People using safely managed sanitation services, rural (% of rural population);SH.STA.SMSS.RU.ZS;;;;;;;;;;;;;;;;;;;;;;;;;;;;;;;;;;;;;;;;;14,10820722;14,25808673;14,51996462;14,79766227;15,04260551;15,39516579;15,74262617;16,08549585;16,43821608;16,79469739;17,13603246;17,47031205;17,79746628;18,1205736;18,44102336;18,75875035;19,07279101;19,38537115;19,69798404;20,01249009;20,33962665;20,64552058;20,91534429;;
South Sudan;SSD;People using safely managed sanitation services, rural (% of rural population);SH.STA.SMSS.RU.ZS;;;;;;;;;;;;;;;;;;;;;;;;;;;;;;;;;;;;;;;;;;;;;;;;;;;;;;;;;;;;;;;;;
Sub-Saharan Africa;SSF;People using safely managed sanitation services, rural (% of rural population);SH.STA.SMSS.RU.ZS;;;;;;;;;;;;;;;;;;;;;;;;;;;;;;;;;;;;;;;;;13,56808913;13,75478588;14,00857407;14,26006723;14,51496542;14,84257933;15,1623663;15,4773593;15,80362751;16,13362457;16,45083993;16,59704218;16,90348592;17,20971259;17,52018196;17,83394927;18,12971781;18,43530972;18,64182978;18,9050177;19,15670826;21,18478447;21,40054402;;
Small states;SST;People using safely managed sanitation services, rural (% of rural population);SH.STA.SMSS.RU.ZS;;;;;;;;;;;;;;;;;;;;;;;;;;;;;;;;;;;;;;;;;;;;;;;;;;;;;;;;;;;;;;;;;
Sao Tome and Principe;STP;People using safely managed sanitation services, rural (% of rural population);SH.STA.SMSS.RU.ZS;;;;;;;;;;;;;;;;;;;;;;;;;;;;;;;;;;;;;;;;;8,934842157;9,846987214;10,75913227;11,67127733;12,58342239;13,54444536;14,52420559;15,5227031;16,53993787;17,57590992;18,63061923;19,70406581;20,79624966;21,90717077;23,03682916;24,18522481;25,35235773;26,53822792;27,74283538;28,9661801;30,2082621;31,46908136;31,46908136;;
Suriname;SUR;People using safely managed sanitation services, rural (% of rural population);SH.STA.SMSS.RU.ZS;;;;;;;;;;;;;;;;;;;;;;;;;;;;;;;;;;;;;;;;;37,38469185;38,17764538;38,97059891;39,76355244;40,55650597;40,18820891;39,81395482;39,43374372;39,0475756;38,65545045;38,25736829;37,8533291;37,44333289;37,02737967;36,60546942;36,17760215;35,74377785;35,30399654;34,85825821;34,40656285;33,94891048;33,94891048;33,94891048;;
Slovak Republic;SVK;People using safely managed sanitation services, rural (% of rural population);SH.STA.SMSS.RU.ZS;;;;;;;;;;;;;;;;;;;;;;;;;;;;;;;;;;;;;;;;;78,36502993;78,37820972;78,3913895;78,1838547;77,94034374;77,69678756;77,45318616;77,20953958;76,96584781;76,72211086;76,47832876;76,23450151;75,99062912;75,74671161;75,50274898;75,50936225;75,51597432;75,52258519;75,51652409;75,510463;75,5044019;75,4983408;75,4922797;;
Slovenia;SVN;People using safely managed sanitation services, rural (% of rural population);SH.STA.SMSS.RU.ZS;;;;;;;;;;;;;;;;;;;;;;;;;;;;;;;;;;;;;;;;;;;;;;;;;;;;;;;;;;;;;;;;;
Sweden;SWE;People using safely managed sanitation services, rural (% of rural population);SH.STA.SMSS.RU.ZS;;;;;;;;;;;;;;;;;;;;;;;;;;;;;;;;;;;;;;;;;91,03471428;91,07137847;91,10804267;91,14470687;91,18137107;91,21803527;91,25469947;91,29136367;91,32802787;91,36469207;91,40135627;91,43802047;91,47468467;91,51134887;91,54801307;91,58467727;91,62134147;91,65800567;91,69466987;91,73133407;91,76799827;91,80466247;91,80466247;;
Eswatini;SWZ;People using safely managed sanitation services, rural (% of rural population);SH.STA.SMSS.RU.ZS;;;;;;;;;;;;;;;;;;;;;;;;;;;;;;;;;;;;;;;;;;;;;;;;;;;;;;;;;;;;;;;;;
Sint Maarten (Dutch part);SXM;People using safely managed sanitation services, rural (% of rural population);SH.STA.SMSS.RU.ZS;;;;;;;;;;;;;;;;;;;;;;;;;;;;;;;;;;;;;;;;;;;;;;;;;;;;;;;;;;;;;;;;;
Seychelles;SYC;People using safely managed sanitation services, rural (% of rural population);SH.STA.SMSS.RU.ZS;;;;;;;;;;;;;;;;;;;;;;;;;;;;;;;;;;;;;;;;;;;;;;;;;;;;;;;;;;;;;;;;;
Syrian Arab Republic;SYR;People using safely managed sanitation services, rural (% of rural population);SH.STA.SMSS.RU.ZS;;;;;;;;;;;;;;;;;;;;;;;;;;;;;;;;;;;;;;;;;;;;;;;;;;;;;;;;;;;;;;;;;
Turks and Caicos Islands;TCA;People using safely managed sanitation services, rural (% of rural population);SH.STA.SMSS.RU.ZS;;;;;;;;;;;;;;;;;;;;;;;;;;;;;;;;;;;;;;;;;;;;;;;;;;;;;;;;;43,8714226;43,8714226;43,8714226;43,8714226;43,8714226;43,8714226;43,8714226;;
Chad;TCD;People using safely managed sanitation services, rural (% of rural population);SH.STA.SMSS.RU.ZS;;;;;;;;;;;;;;;;;;;;;;;;;;;;;;;;;;;;;;;;;5,669827333;5,634952991;5,606778888;5,578604785;5,550430682;5,522256579;5,494082476;5,465908373;5,43773427;5,339953728;5,242898235;5,146567792;5,050962398;4,956082053;4,861926758;4,768496511;4,675791315;4,583811167;4,492556069;4,40202602;4,312221021;4,22314107;4,22314107;;
East Asia & Pacific (IDA & IBRD countries);TEA;People using safely managed sanitation services, rural (% of rural population);SH.STA.SMSS.RU.ZS;;;;;;;;;;;;;;;;;;;;;;;;;;;;;;;;;;;;;;;;;10,65713025;10,81016667;11,50437936;12,45199661;13,45672964;14,53993863;15,69359029;16,95620915;18,29066742;19,68085085;21,14462571;22,66099023;24,23673509;25,87838702;27,58259009;29,34933696;31,1763047;33,06347356;35,01074366;37,01460059;38,33028994;39,643512;40,9339138;;
Europe & Central Asia (IDA & IBRD countries);TEC;People using safely managed sanitation services, rural (% of rural population);SH.STA.SMSS.RU.ZS;;;;;;;;;;;;;;;;;;;;;;;;;;;;;;;;;;;;;;;;;;;;;;;;;;;;;;;;;;;;;;;;;
Togo;TGO;People using safely managed sanitation services, rural (% of rural population);SH.STA.SMSS.RU.ZS;;;;;;;;;;;;;;;;;;;;;;;;;;;;;;;;;;;;;;;;;1,58229591;1,665764831;1,749233752;1,832702673;1,916106224;2,053576181;2,195762286;2,342664539;2,494282939;2,650617488;2,811668184;2,977435028;3,14791802;3,32311716;3,503032448;3,687663883;3,877011467;4,071075198;4,269855078;4,473351105;4,68156328;4,68156328;4,68156328;;
Thailand;THA;People using safely managed sanitation services, rural (% of rural population);SH.STA.SMSS.RU.ZS;;;;;;;;;;;;;;;;;;;;;;;;;;;;;;;;;;;;;;;;;18,3861603;18,43390197;18,48170526;18,54857163;18,63445763;18,85620196;19,07842575;19,30112898;19,52431167;19,7479738;19,97211538;20,19673641;20,42183689;20,64741682;20,8734762;21,10001503;21,32554171;21,53374472;21,73747527;21,90120933;22,06526985;22,22965683;22,22965683;;
Tajikistan;TJK;People using safely managed sanitation services, rural (% of rural population);SH.STA.SMSS.RU.ZS;;;;;;;;;;;;;;;;;;;;;;;;;;;;;;;;;;;;;;;;;54,96427471;55,23145471;55,49863471;55,7658147;56,0770882;56,33038125;56,53936136;56,74860011;56,95809749;57,16785351;57,37786817;57,58814146;57,79867339;58,00946395;58,22051315;58,43182099;58,64338746;58,85521257;59,06729631;59,26221669;59,26221669;59,26221669;59,26221669;;
Turkmenistan;TKM;People using safely managed sanitation services, rural (% of rural population);SH.STA.SMSS.RU.ZS;;;;;;;;;;;;;;;;;;;;;;;;;;;;;;;;;;;;;;;;;;;;;;;;;;;;;;;;;;;;;;;;;
Latin America & the Caribbean (IDA & IBRD countries);TLA;People using safely managed sanitation services, rural (% of rural population);SH.STA.SMSS.RU.ZS;;;;;;;;;;;;;;;;;;;;;;;;;;;;;;;;;;;;;;;;;;;;;;;;;;;;;;;;;;;;;;;;;
Timor-Leste;TLS;People using safely managed sanitation services, rural (% of rural population);SH.STA.SMSS.RU.ZS;;;;;;;;;;;;;;;;;;;;;;;;;;;;;;;;;;;;;;;;;;;;;;;;;;;;;;;;;;;;;;;;;
Middle East, North Africa, Afghanistan & Pakistan (IDA & IBRD);TMN;People using safely managed sanitation services, rural (% of rural population);SH.STA.SMSS.RU.ZS;;;;;;;;;;;;;;;;;;;;;;;;;;;;;;;;;;;;;;;;;;;;;;;;;;;;;;;;;;;;;;;;;
Tonga;TON;People using safely managed sanitation services, rural (% of rural population);SH.STA.SMSS.RU.ZS;;;;;;;;;;;;;;;;;;;;;;;;;;;;;;;;;;;;;;;;;35,68196556;35,68196556;35,68196556;35,68196556;35,68196556;36,32071144;36,95945731;37,59820318;38,23694906;38,86823454;39,40253487;39,0151881;38,62956028;38,24565141;37,86346149;37,48299051;37,10423849;36,72720541;36,35189128;35,9782961;35,60641987;35,23626259;34,96805915;;
South Asia (IDA & IBRD);TSA;People using safely managed sanitation services, rural (% of rural population);SH.STA.SMSS.RU.ZS;;;;;;;;;;;;;;;;;;;;;;;;;;;;;;;;;;;;;;;;;1,437870159;2,801738156;4,165262664;5,543869386;8,122327043;10,50710467;12,9205618;15,37106297;17,85126656;20,36165832;22,90277615;25,47365186;28,07353635;30,70299538;33,43241065;36,19612031;38,9946742;41,71450656;44,3596988;47,01377394;49,67689424;52,31392108;54,83229706;;
Sub-Saharan Africa (IDA & IBRD countries);TSS;People using safely managed sanitation services, rural (% of rural population);SH.STA.SMSS.RU.ZS;;;;;;;;;;;;;;;;;;;;;;;;;;;;;;;;;;;;;;;;;12,05562059;12,20435964;12,44789191;12,70510169;12,93704121;13,25490104;13,56753287;13,8775405;14,19661158;14,51823154;14,82625474;15,12729047;15,42252396;15,71509892;16,00516307;16,2914469;16,57433903;16,85470707;17,13228462;17,40874066;17,6939265;17,96066293;18,17544328;;
Trinidad and Tobago;TTO;People using safely managed sanitation services, rural (% of rural population);SH.STA.SMSS.RU.ZS;;;;;;;;;;;;;;;;;;;;;;;;;;;;;;;;;;;;;;;;;;;;;;;;;;;;;;;;;;;;;;;;;
Tunisia;TUN;People using safely managed sanitation services, rural (% of rural population);SH.STA.SMSS.RU.ZS;;;;;;;;;;;;;;;;;;;;;;;;;;;;;;;;;;;;;;;;;24,94414746;26,06467541;27,6238012;29,24396551;30,90378987;32,60340012;34,34292211;36,12248167;37,94220464;39,80221686;41,70264417;43,64361241;45,62524741;47,64767502;49,71102107;51,81541141;53,96097186;56,14782828;58,3761065;60,64593236;62,91430536;62,91430536;62,91430536;;
Turkiye;TUR;People using safely managed sanitation services, rural (% of rural population);SH.STA.SMSS.RU.ZS;;;;;;;;;;;;;;;;;;;;;;;;;;;;;;;;;;;;;;;;;45,1585517;45,1585517;46,324256;47,49262055;49,37844503;51,29252363;53,2349418;54,47621616;55,79222984;57,18507067;58,65683516;60,20962851;61,84556463;63,5667661;65,37536423;67,27349897;69,26331901;71,34698171;73,52665313;75,80450803;78,18272983;79,63690584;81,10841927;;
Tuvalu;TUV;People using safely managed sanitation services, rural (% of rural population);SH.STA.SMSS.RU.ZS;;;;;;;;;;;;;;;;;;;;;;;;;;;;;;;;;;;;;;;;;46,86550154;47,38560893;47,90571632;48,42582371;48,94593111;49,4660385;49,84180504;50,21456785;50,58432691;50,95108223;51,31483381;50,52239487;49,73372953;48,94883779;48,16771966;47,39037514;46,61680421;45,8470069;45,08098318;44,31873307;43,56025656;42,80555366;42,05462436;;
Tanzania;TZA;People using safely managed sanitation services, rural (% of rural population);SH.STA.SMSS.RU.ZS;;;;;;;;;;;;;;;;;;;;;;;;;;;;;;;;;;;;;;;;;4,642272812;5,547249003;6,452225194;7,357201385;8,224332792;9,083173738;9,941804223;10,79206919;11,63396865;12,4675026;13,290632;13,99100703;14,64332414;15,28908594;15,92828791;16,56092556;17,18699438;17,80648984;18,41940745;19,0257427;19,76563004;19,76504915;19,76446826;;
Uganda;UGA;People using safely managed sanitation services, rural (% of rural population);SH.STA.SMSS.RU.ZS;;;;;;;;;;;;;;;;;;;;;;;;;;;;;;;;;;;;;;;;;13,01388098;13,16963461;13,32416204;13,47746328;13,62953832;13,78038717;13,93000983;14,07840629;14,22756185;14,37548989;14,5221903;14,66766297;14,81190779;14,95492464;15,09582967;15,23551227;15,37397234;15,51120977;15,64722445;15,78201626;15,91558511;16,04793088;16,17708077;;
Ukraine;UKR;People using safely managed sanitation services, rural (% of rural population);SH.STA.SMSS.RU.ZS;;;;;;;;;;;;;;;;;;;;;;;;;;;;;;;;;;;;;;;;;;;;;;;;;;;;;;;;;;;;;;;;;
Upper middle income;UMC;People using safely managed sanitation services, rural (% of rural population);SH.STA.SMSS.RU.ZS;;;;;;;;;;;;;;;;;;;;;;;;;;;;;;;;;;;;;;;;;13,45315882;13,78974078;14,51760071;15,46661358;16,48534988;17,55950625;18,69463531;19,88425778;21,13832821;22,45228853;23,83951081;25,28190066;26,78270416;28,34457515;29,96879399;31,65562279;33,38485227;35,13630378;36,93852338;38,8918445;40,20795339;41,51431556;42,7972681;;
Uruguay;URY;People using safely managed sanitation services, rural (% of rural population);SH.STA.SMSS.RU.ZS;;;;;;;;;;;;;;;;;;;;;;;;;;;;;;;;;;;;;;;;;;;;;;;;;;;;;;;;;;;;;;;;;
United States;USA;People using safely managed sanitation services, rural (% of rural population);SH.STA.SMSS.RU.ZS;;;;;;;;;;;;;;;;;;;;;;;;;;;;;;;;;;;;;;;;;;;;;;;;;;;;;;;;;;;;;;;;;
Uzbekistan;UZB;People using safely managed sanitation services, rural (% of rural population);SH.STA.SMSS.RU.ZS;;;;;;;;;;;;;;;;;;;;;;;;;;;;;;;;;;;;;;;;;81,10567115;81,36339295;81,59473029;81,81932354;82,04391679;82,25900531;82,47409383;82,68918234;82,90427086;83,11935938;83,33444789;83,54953641;83,76462492;83,97971344;84,19480196;84,40989047;84,62497899;84,84006751;85,05515602;85,27024454;85,48533306;85,70042157;85,91551009;;
St. Vincent and the Grenadines;VCT;People using safely managed sanitation services, rural (% of rural population);SH.STA.SMSS.RU.ZS;;;;;;;;;;;;;;;;;;;;;;;;;;;;;;;;;;;;;;;;;;;;;;;;;;;;;;;;;;;;;;;;;
Venezuela, RB;VEN;People using safely managed sanitation services, rural (% of rural population);SH.STA.SMSS.RU.ZS;;;;;;;;;;;;;;;;;;;;;;;;;;;;;;;;;;;;;;;;;;;;;;;;;;;;;;;;;;;;;;;;;
British Virgin Islands;VGB;People using safely managed sanitation services, rural (% of rural population);SH.STA.SMSS.RU.ZS;;;;;;;;;;;;;;;;;;;;;;;;;;;;;;;;;;;;;;;;;;;;;;;;;;;;;;;;;;;;;;;;;
Virgin Islands (U.S.);VIR;People using safely managed sanitation services, rural (% of rural population);SH.STA.SMSS.RU.ZS;;;;;;;;;;;;;;;;;;;;;;;;;;;;;;;;;;;;;;;;;;;;;;;;;;;;;;;;;;;;;;;;;
Viet Nam;VNM;People using safely managed sanitation services, rural (% of rural population);SH.STA.SMSS.RU.ZS;;;;;;;;;;;;;;;;;;;;;;;;;;;;;;;;;;;;;;;;;29,21919138;30,78653596;31,40284653;32,01915711;32,63546768;33,3243781;34,01597975;34,71027262;35,40725672;36,10693205;36,80929861;37,51435639;38,22210541;38,93254565;39,64567711;40,36149981;41,08001373;41,80121888;42,52511526;43,25170286;43,9809817;44,71295176;45,44761305;;
Vanuatu;VUT;People using safely managed sanitation services, rural (% of rural population);SH.STA.SMSS.RU.ZS;;;;;;;;;;;;;;;;;;;;;;;;;;;;;;;;;;;;;;;;;;;;;;;;;;;;;;;;;;;;;;;;;
World;WLD;People using safely managed sanitation services, rural (% of rural population);SH.STA.SMSS.RU.ZS;;;;;;;;;;;;;;;;;;;;;;;;;;;;;;;;;;;;;;;;;17,37705614;17,88438666;18,60722664;19,38760972;20,61137566;21,79193512;23,02435115;24,31917773;25,64020188;26,98313023;28,35899517;29,7108313;31,14407885;32,59544179;34,0902895;35,61204354;37,15287451;38,67362088;40,16432519;41,68492629;43,00341773;44,63215862;45,85899865;;
Samoa;WSM;People using safely managed sanitation services, rural (% of rural population);SH.STA.SMSS.RU.ZS;;;;;;;;;;;;;;;;;;;;;;;;;;;;;;;;;;;;;;;;;49,58271052;49,58271052;49,58271052;49,58271052;49,58271052;49,81570863;50,04917454;50,28310826;50,43462419;50,58607814;50,73747012;50,72930815;50,16341467;49,5929364;49,01787334;48,43822548;47,85399284;47,2651754;46,67177317;46,07378615;45,47121434;44,86405774;44,25231634;;
Kosovo;XKX;People using safely managed sanitation services, rural (% of rural population);SH.STA.SMSS.RU.ZS;;;;;;;;;;;;;;;;;;;;;;;;;;;;;;;;;;;;;;;;;;;;;;;;;;;;;;;;;;;;;;;;;
Yemen, Rep.;YEM;People using safely managed sanitation services, rural (% of rural population);SH.STA.SMSS.RU.ZS;;;;;;;;;;;;;;;;;;;;;;;;;;;;;;;;;;;;;;;;;;;;;;;;;;;;;;;;;;;;;;;;;
South Africa;ZAF;People using safely managed sanitation services, rural (% of rural population);SH.STA.SMSS.RU.ZS;;;;;;;;;;;;;;;;;;;;;;;;;;;;;;;;;;;;;;;;;;;;;;;;;;;;;;;;;;;;;;;;;
Zambia;ZMB;People using safely managed sanitation services, rural (% of rural population);SH.STA.SMSS.RU.ZS;;;;;;;;;;;;;;;;;;;;;;;;;;;;;;;;;;;;;;;;;5,661021084;6,764162831;7,881929587;9,014321352;10,16133812;11,32297991;12,4992467;13,6901385;14,89565531;16,11579712;17,35056395;18,59995578;19,86397263;21,14261448;22,43588134;23,74377321;25,06629009;26,40343197;27,75519887;29,12159077;30,50260769;30,50260769;30,50260769;;
Zimbabwe;ZWE;People using safely managed sanitation services, rural (% of rural population);SH.STA.SMSS.RU.ZS;;;;;;;;;;;;;;;;;;;;;;;;;;;;;;;;;;;;;;;;;32,33535635;32,33535635;32,45387936;32,52800974;32,60214012;32,45621296;32,30928733;32,16136325;32,01244071;31,86251971;31,71160025;31,72326621;31,71106166;31,67542562;31,61679712;31,53561519;31,43231887;31,30734718;31,11207855;30,87477802;30,63756688;30,40044512;30,40044512;;
